time,pm2_5,pm10,carbon_dioxide,carbon_monoxide,nitrogen_dioxide,sulphur_dioxide,ozone,date
2022-08-04 07:00:00+00:00,31.0,51.3,,328.0,13.55,43.2,98.0,2022-08-04
2022-08-05 07:00:00+00:00,15.1,22.8,,154.0,5.6,14.2,59.0,2022-08-05
2022-08-06 07:00:00+00:00,17.5,26.9,,150.0,5.15,14.3,56.0,2022-08-06
2022-08-07 07:00:00+00:00,17.7,29.1,,150.0,4.35,11.4,65.0,2022-08-07
2022-08-08 07:00:00+00:00,23.6,38.4,,130.0,4.8,8.0,56.0,2022-08-08
2022-08-09 07:00:00+00:00,25.6,43.2,,107.0,2.45,4.75,55.0,2022-08-09
2022-08-10 07:00:00+00:00,26.6,48.8,,105.0,2.15,4.4,57.0,2022-08-10
2022-08-11 07:00:00+00:00,27.6,52.0,,111.0,2.5,4.0,50.0,2022-08-11
2022-08-12 07:00:00+00:00,22.1,39.9,,97.0,1.55,4.6,48.0,2022-08-12
2022-08-13 07:00:00+00:00,23.4,44.5,,100.0,1.5,4.85,57.0,2022-08-13
2022-08-14 07:00:00+00:00,22.7,42.7,,99.0,1.55,4.95,57.0,2022-08-14
2022-08-15 07:00:00+00:00,22.4,40.9,,87.0,2.5,5.55,44.0,2022-08-15
2022-08-16 07:00:00+00:00,24.2,44.4,,99.0,2.4,4.3,44.0,2022-08-16
2022-08-17 07:00:00+00:00,23.1,43.7,,105.0,2.0,5.5,45.0,2022-08-17
2022-08-18 07:00:00+00:00,26.7,54.2,,98.0,1.65,5.55,47.0,2022-08-18
2022-08-19 07:00:00+00:00,23.9,45.2,,104.0,2.3,6.0,46.0,2022-08-19
2022-08-20 07:00:00+00:00,19.7,34.8,,116.0,3.1,9.5,51.0,2022-08-20
2022-08-21 07:00:00+00:00,23.5,42.4,,111.0,3.4,9.65,47.0,2022-08-21
2022-08-22 07:00:00+00:00,23.1,44.2,,113.0,3.2,8.3,47.0,2022-08-22
2022-08-23 07:00:00+00:00,22.4,43.8,,117.0,3.1,8.35,48.0,2022-08-23
2022-08-24 07:00:00+00:00,22.1,41.6,,117.0,2.2,7.45,53.0,2022-08-24
2022-08-25 07:00:00+00:00,21.5,40.0,,118.0,2.3,7.85,56.0,2022-08-25
2022-08-26 07:00:00+00:00,20.0,38.3,,137.0,3.2,11.6,64.0,2022-08-26
2022-08-27 07:00:00+00:00,24.4,48.0,,166.0,4.5,16.5,75.0,2022-08-27
2022-08-28 07:00:00+00:00,33.2,59.8,,289.0,11.4,29.55,85.0,2022-08-28
2022-08-29 07:00:00+00:00,36.2,61.9,,347.0,15.05,42.0,103.0,2022-08-29
2022-08-30 07:00:00+00:00,31.1,59.8,,295.0,12.35,28.6,87.0,2022-08-30
2022-08-31 07:00:00+00:00,33.3,58.9,,351.0,18.1,37.6,80.0,2022-08-31
2022-09-01 07:00:00+00:00,42.5,63.1,,557.0,38.35,59.5,88.0,2022-09-01
2022-09-02 07:00:00+00:00,50.4,71.9,,625.0,26.85,74.55,187.0,2022-09-02
2022-09-03 07:00:00+00:00,30.7,47.8,,313.0,4.15,18.1,161.0,2022-09-03
2022-09-04 07:00:00+00:00,28.8,45.5,,271.0,11.1,28.15,85.0,2022-09-04
2022-09-05 07:00:00+00:00,21.9,36.1,,213.0,8.85,21.95,60.0,2022-09-05
2022-09-06 07:00:00+00:00,30.5,49.6,,267.0,11.8,30.6,79.0,2022-09-06
2022-09-07 07:00:00+00:00,27.8,45.2,,281.0,15.9,31.45,75.0,2022-09-07
2022-09-08 07:00:00+00:00,28.9,43.2,,406.0,22.5,35.0,103.0,2022-09-08
2022-09-09 07:00:00+00:00,43.8,62.6,,472.0,8.9,47.6,201.0,2022-09-09
2022-09-10 07:00:00+00:00,15.7,22.8,,182.0,2.9,7.55,98.0,2022-09-10
2022-09-11 07:00:00+00:00,13.6,19.6,,188.0,3.85,9.45,92.0,2022-09-11
2022-09-12 07:00:00+00:00,14.2,21.0,,248.0,5.7,10.45,100.0,2022-09-12
2022-09-13 07:00:00+00:00,17.3,29.0,,160.0,3.55,5.65,77.0,2022-09-13
2022-09-14 07:00:00+00:00,16.8,28.9,,119.0,2.0,5.5,57.0,2022-09-14
2022-09-15 07:00:00+00:00,19.6,33.2,,115.0,2.05,4.95,56.0,2022-09-15
2022-09-16 07:00:00+00:00,16.2,27.5,,127.0,2.95,6.55,56.0,2022-09-16
2022-09-17 07:00:00+00:00,20.4,33.2,,128.0,3.25,8.35,55.0,2022-09-17
2022-09-18 07:00:00+00:00,18.5,32.4,,140.0,2.8,10.4,73.0,2022-09-18
2022-09-19 07:00:00+00:00,29.3,53.8,,185.0,5.5,17.5,82.0,2022-09-19
2022-09-20 07:00:00+00:00,31.9,59.0,,241.0,9.0,22.95,87.0,2022-09-20
2022-09-21 07:00:00+00:00,29.2,49.1,,273.0,13.05,27.55,72.0,2022-09-21
2022-09-22 07:00:00+00:00,21.6,38.2,,144.0,5.5,12.5,57.0,2022-09-22
2022-09-23 07:00:00+00:00,15.5,28.1,,105.0,1.75,6.3,55.0,2022-09-23
2022-09-24 07:00:00+00:00,15.1,24.9,,113.0,2.35,7.95,64.0,2022-09-24
2022-09-25 07:00:00+00:00,17.6,28.8,,136.0,3.35,13.0,75.0,2022-09-25
2022-09-26 07:00:00+00:00,21.3,35.5,,173.0,5.25,19.35,81.0,2022-09-26
2022-09-27 07:00:00+00:00,25.7,42.0,,213.0,6.45,25.45,92.0,2022-09-27
2022-09-28 07:00:00+00:00,23.6,38.1,,224.0,6.2,26.5,94.0,2022-09-28
2022-09-29 07:00:00+00:00,30.4,48.7,,315.0,10.1,34.3,133.0,2022-09-29
2022-09-30 07:00:00+00:00,38.3,57.2,,441.0,16.85,44.45,164.0,2022-09-30
2022-10-01 07:00:00+00:00,29.6,47.3,,246.0,10.4,23.1,105.0,2022-10-01
2022-10-02 07:00:00+00:00,25.8,39.9,,283.0,13.1,31.75,86.0,2022-10-02
2022-10-03 07:00:00+00:00,35.3,56.3,,381.0,21.6,42.75,95.0,2022-10-03
2022-10-04 07:00:00+00:00,32.0,52.4,,325.0,15.75,33.7,103.0,2022-10-04
2022-10-05 07:00:00+00:00,34.8,54.9,,362.0,20.1,36.95,100.0,2022-10-05
2022-10-06 07:00:00+00:00,28.6,44.0,,300.0,16.8,30.0,83.0,2022-10-06
2022-10-07 07:00:00+00:00,27.2,43.7,,206.0,9.35,14.35,77.0,2022-10-07
2022-10-08 07:00:00+00:00,20.8,35.0,,150.0,4.4,12.25,83.0,2022-10-08
2022-10-09 07:00:00+00:00,14.8,22.5,,116.0,2.5,8.4,68.0,2022-10-09
2022-10-10 07:00:00+00:00,48.1,73.1,,473.0,16.6,72.1,166.0,2022-10-10
2022-10-11 07:00:00+00:00,33.1,49.1,,370.0,6.75,30.65,163.0,2022-10-11
2022-10-12 07:00:00+00:00,44.4,64.7,,543.0,34.75,58.2,101.0,2022-10-12
2022-10-13 07:00:00+00:00,62.4,89.9,,632.0,19.95,65.35,231.0,2022-10-13
2022-10-14 07:00:00+00:00,37.7,54.1,,326.0,7.7,19.05,133.0,2022-10-14
2022-10-15 07:00:00+00:00,54.7,78.5,,588.0,27.1,61.25,185.0,2022-10-15
2022-10-16 07:00:00+00:00,89.9,129.0,,937.0,58.6,94.95,201.0,2022-10-16
2022-10-17 07:00:00+00:00,34.3,49.1,,318.0,7.05,23.5,157.0,2022-10-17
2022-10-18 07:00:00+00:00,13.6,20.2,,198.0,3.15,6.55,98.0,2022-10-18
2022-10-19 07:00:00+00:00,12.7,18.7,,174.0,2.45,6.9,96.0,2022-10-19
2022-10-20 07:00:00+00:00,28.7,41.4,,291.0,5.9,23.25,146.0,2022-10-20
2022-10-21 07:00:00+00:00,64.3,92.0,,650.0,12.8,70.75,271.0,2022-10-21
2022-10-22 07:00:00+00:00,41.0,58.6,,436.0,11.6,31.6,175.0,2022-10-22
2022-10-23 07:00:00+00:00,61.9,89.4,,741.0,55.45,70.75,151.0,2022-10-23
2022-10-24 07:00:00+00:00,73.1,106.2,,804.0,57.85,88.45,166.0,2022-10-24
2022-10-25 07:00:00+00:00,76.1,112.7,,779.0,33.35,89.1,232.0,2022-10-25
2022-10-26 07:00:00+00:00,63.3,93.8,,709.0,41.95,73.55,193.0,2022-10-26
2022-10-27 07:00:00+00:00,89.9,129.9,,925.0,50.5,101.7,223.0,2022-10-27
2022-10-28 07:00:00+00:00,92.2,133.2,,947.0,58.65,88.65,198.0,2022-10-28
2022-10-29 07:00:00+00:00,94.1,135.5,,971.0,67.95,91.75,178.0,2022-10-29
2022-10-30 07:00:00+00:00,85.4,123.4,,882.0,65.4,80.8,170.0,2022-10-30
2022-10-31 07:00:00+00:00,115.0,166.7,,1067.0,82.7,83.55,197.0,2022-10-31
2022-11-01 07:00:00+00:00,90.8,131.3,,828.0,55.25,69.2,171.0,2022-11-01
2022-11-02 07:00:00+00:00,103.8,148.5,,1042.0,79.3,89.35,171.0,2022-11-02
2022-11-03 07:00:00+00:00,122.9,177.4,,1079.0,79.0,80.3,214.0,2022-11-03
2022-11-04 07:00:00+00:00,128.5,184.4,,945.0,66.05,55.9,224.0,2022-11-04
2022-11-05 07:00:00+00:00,110.8,159.7,,805.0,49.75,50.15,216.0,2022-11-05
2022-11-06 07:00:00+00:00,120.1,172.3,,794.0,50.1,53.85,211.0,2022-11-06
2022-11-07 07:00:00+00:00,129.9,188.1,,1421.0,113.75,110.5,189.0,2022-11-07
2022-11-08 07:00:00+00:00,124.3,180.7,,1303.0,98.5,110.6,210.0,2022-11-08
2022-11-09 07:00:00+00:00,119.0,171.8,,942.0,64.2,72.6,180.0,2022-11-09
2022-11-10 07:00:00+00:00,109.7,158.3,,1096.0,78.9,94.65,178.0,2022-11-10
2022-11-11 07:00:00+00:00,128.5,184.4,,1214.0,90.4,89.15,199.0,2022-11-11
2022-11-12 07:00:00+00:00,122.0,175.1,,1037.0,74.05,74.5,175.0,2022-11-12
2022-11-13 07:00:00+00:00,98.0,140.6,,765.0,40.4,48.55,176.0,2022-11-13
2022-11-14 07:00:00+00:00,111.3,159.3,,983.0,60.95,64.7,194.0,2022-11-14
2022-11-15 07:00:00+00:00,148.5,212.8,,1487.0,106.05,123.45,211.0,2022-11-15
2022-11-16 07:00:00+00:00,118.0,169.0,,1077.0,70.85,94.0,194.0,2022-11-16
2022-11-17 07:00:00+00:00,101.5,146.7,,993.0,71.7,85.4,155.0,2022-11-17
2022-11-18 07:00:00+00:00,68.0,99.0,,668.0,45.9,61.15,128.0,2022-11-18
2022-11-19 07:00:00+00:00,67.8,98.0,,486.0,25.9,42.5,136.0,2022-11-19
2022-11-20 07:00:00+00:00,58.7,84.3,,534.0,35.85,52.35,135.0,2022-11-20
2022-11-21 07:00:00+00:00,70.8,102.9,,705.0,47.75,68.25,143.0,2022-11-21
2022-11-22 07:00:00+00:00,92.4,134.1,,877.0,55.35,84.6,141.0,2022-11-22
2022-11-23 07:00:00+00:00,129.5,186.7,,882.0,46.1,69.5,201.0,2022-11-23
2022-11-24 07:00:00+00:00,144.4,207.7,,1173.0,65.5,90.6,214.0,2022-11-24
2022-11-25 07:00:00+00:00,199.3,285.9,,1278.0,62.05,86.55,280.0,2022-11-25
2022-11-26 07:00:00+00:00,250.5,360.4,,1745.0,75.5,132.5,368.0,2022-11-26
2022-11-27 07:00:00+00:00,187.7,271.0,,1695.0,68.95,209.75,369.0,2022-11-27
2022-11-28 07:00:00+00:00,103.6,149.0,,1094.0,75.4,107.65,161.0,2022-11-28
2022-11-29 07:00:00+00:00,101.3,145.3,,1154.0,72.45,122.5,164.0,2022-11-29
2022-11-30 07:00:00+00:00,136.0,194.6,,1270.0,90.05,96.65,200.0,2022-11-30
2022-12-01 07:00:00+00:00,89.9,129.0,,464.0,15.3,35.15,168.0,2022-12-01
2022-12-02 07:00:00+00:00,121.5,174.6,,1146.0,82.9,80.3,199.0,2022-12-02
2022-12-03 07:00:00+00:00,129.0,184.9,,1334.0,102.2,129.05,157.0,2022-12-03
2022-12-04 07:00:00+00:00,208.2,299.0,,1749.0,141.25,114.65,189.0,2022-12-04
2022-12-05 07:00:00+00:00,149.5,214.7,,1467.0,114.75,109.6,146.0,2022-12-05
2022-12-06 07:00:00+00:00,141.1,202.1,,1338.0,89.45,103.15,148.0,2022-12-06
2022-12-07 07:00:00+00:00,122.9,176.5,,1209.0,79.75,98.45,166.0,2022-12-07
2022-12-08 07:00:00+00:00,107.3,154.6,,876.0,56.6,79.65,135.0,2022-12-08
2022-12-09 07:00:00+00:00,51.6,74.0,,533.0,32.5,53.6,128.0,2022-12-09
2022-12-10 07:00:00+00:00,70.8,102.4,,812.0,63.25,69.25,121.0,2022-12-10
2022-12-11 07:00:00+00:00,123.9,177.9,,1401.0,112.2,111.0,144.0,2022-12-11
2022-12-12 07:00:00+00:00,108.7,156.5,,1099.0,67.6,108.65,178.0,2022-12-12
2022-12-13 07:00:00+00:00,65.7,94.5,,502.0,22.35,38.05,130.0,2022-12-13
2022-12-14 07:00:00+00:00,0.8,1.2,,59.0,0.0,0.85,25.0,2022-12-14
2022-12-15 07:00:00+00:00,0.8,1.2,,63.0,0.0,0.25,34.0,2022-12-15
2022-12-16 07:00:00+00:00,102.0,146.7,,888.0,54.65,58.6,198.0,2022-12-16
2022-12-17 07:00:00+00:00,127.1,182.5,,1144.0,70.0,102.75,206.0,2022-12-17
2022-12-18 07:00:00+00:00,125.3,179.3,,1037.0,63.9,92.65,194.0,2022-12-18
2022-12-19 07:00:00+00:00,75.2,107.3,,808.0,49.7,90.7,139.0,2022-12-19
2022-12-20 07:00:00+00:00,69.4,99.2,,664.0,34.55,80.3,139.0,2022-12-20
2022-12-21 07:00:00+00:00,84.8,121.5,,698.0,31.65,74.4,164.0,2022-12-21
2022-12-22 07:00:00+00:00,113.4,162.5,,1118.0,88.3,124.65,104.0,2022-12-22
2022-12-23 07:00:00+00:00,73.1,109.7,,919.0,65.1,119.65,102.0,2022-12-23
2022-12-24 07:00:00+00:00,57.4,83.1,,662.0,39.8,75.7,126.0,2022-12-24
2022-12-25 07:00:00+00:00,73.3,105.2,,780.0,42.65,84.3,142.0,2022-12-25
2022-12-26 07:00:00+00:00,85.4,125.7,,962.0,57.8,113.95,158.0,2022-12-26
2022-12-27 07:00:00+00:00,119.0,171.4,,1490.0,106.1,136.55,138.0,2022-12-27
2022-12-28 07:00:00+00:00,122.0,175.1,,1386.0,97.15,116.85,143.0,2022-12-28
2022-12-29 07:00:00+00:00,138.8,198.8,,1780.0,152.05,162.95,116.0,2022-12-29
2022-12-30 07:00:00+00:00,126.2,182.1,,1541.0,123.3,143.95,120.0,2022-12-30
2022-12-31 07:00:00+00:00,78.5,115.5,,913.0,58.15,91.3,137.0,2022-12-31
2023-01-01 07:00:00+00:00,70.3,103.1,,786.0,41.3,89.65,120.0,2023-01-01
2023-01-02 07:00:00+00:00,111.1,159.7,,1256.0,102.8,109.05,121.0,2023-01-02
2023-01-03 07:00:00+00:00,95.2,136.9,,1069.0,64.55,104.35,106.0,2023-01-03
2023-01-04 07:00:00+00:00,94.8,135.5,,993.0,56.4,114.4,130.0,2023-01-04
2023-01-05 07:00:00+00:00,116.6,166.7,,861.0,38.0,64.75,158.0,2023-01-05
2023-01-06 07:00:00+00:00,100.6,145.3,,733.0,31.6,45.1,156.0,2023-01-06
2023-01-07 07:00:00+00:00,135.5,195.1,,790.0,27.55,55.55,156.0,2023-01-07
2023-01-08 07:00:00+00:00,107.8,154.6,,795.0,33.2,62.45,157.0,2023-01-08
2023-01-09 07:00:00+00:00,73.3,105.2,,768.0,47.85,92.7,126.0,2023-01-09
2023-01-10 07:00:00+00:00,92.4,132.2,,1104.0,92.05,105.7,115.0,2023-01-10
2023-01-11 07:00:00+00:00,120.6,172.8,,1251.0,101.55,122.9,131.0,2023-01-11
2023-01-12 07:00:00+00:00,88.7,129.5,,951.0,64.3,105.95,126.0,2023-01-12
2023-01-13 07:00:00+00:00,37.0,65.7,,387.0,21.85,38.8,98.0,2023-01-13
2023-01-14 07:00:00+00:00,52.2,79.6,,603.0,34.6,82.75,105.0,2023-01-14
2023-01-15 07:00:00+00:00,68.7,99.9,,774.0,37.75,69.25,131.0,2023-01-15
2023-01-16 07:00:00+00:00,85.2,123.4,,922.0,35.6,112.0,164.0,2023-01-16
2023-01-17 07:00:00+00:00,99.2,143.4,,1142.0,56.55,127.35,147.0,2023-01-17
2023-01-18 07:00:00+00:00,143.9,206.8,,1769.0,134.95,165.45,162.0,2023-01-18
2023-01-19 07:00:00+00:00,148.1,215.1,,1529.0,92.75,179.55,169.0,2023-01-19
2023-01-20 07:00:00+00:00,107.6,156.9,,1298.0,95.05,123.65,168.0,2023-01-20
2023-01-21 07:00:00+00:00,104.8,151.3,,1032.0,47.6,118.0,189.0,2023-01-21
2023-01-22 07:00:00+00:00,75.7,111.5,,704.0,26.6,86.85,139.0,2023-01-22
2023-01-23 07:00:00+00:00,63.3,92.9,,632.0,23.8,74.2,140.0,2023-01-23
2023-01-24 07:00:00+00:00,73.6,109.2,,633.0,20.2,63.85,138.0,2023-01-24
2023-01-25 07:00:00+00:00,97.6,143.0,,761.0,19.25,63.0,158.0,2023-01-25
2023-01-26 07:00:00+00:00,79.4,115.5,,812.0,33.7,62.7,140.0,2023-01-26
2023-01-27 07:00:00+00:00,139.7,201.6,,892.0,51.8,55.95,207.0,2023-01-27
2023-01-28 07:00:00+00:00,147.1,213.7,,819.0,13.95,53.25,232.0,2023-01-28
2023-01-29 07:00:00+00:00,64.5,99.7,,419.0,7.15,21.65,142.0,2023-01-29
2023-01-30 07:00:00+00:00,70.5,107.3,,650.0,24.05,47.55,170.0,2023-01-30
2023-01-31 07:00:00+00:00,92.9,134.6,,805.0,37.5,63.9,154.0,2023-01-31
2023-02-01 07:00:00+00:00,112.0,161.6,,726.0,26.5,54.0,185.0,2023-02-01
2023-02-02 07:00:00+00:00,89.6,129.5,,555.0,19.65,43.9,174.0,2023-02-02
2023-02-03 07:00:00+00:00,133.6,191.9,,875.0,39.35,62.1,233.0,2023-02-03
2023-02-04 07:00:00+00:00,164.8,236.1,,1328.0,84.5,121.85,211.0,2023-02-04
2023-02-05 07:00:00+00:00,149.5,215.1,,1474.0,91.95,164.15,203.0,2023-02-05
2023-02-06 07:00:00+00:00,121.5,175.1,,1262.0,58.65,135.15,237.0,2023-02-06
2023-02-07 07:00:00+00:00,95.0,143.4,,972.0,52.1,116.2,171.0,2023-02-07
2023-02-08 07:00:00+00:00,121.1,176.0,,1148.0,71.7,114.7,177.0,2023-02-08
2023-02-09 07:00:00+00:00,210.9,302.7,,1684.0,130.6,104.7,284.0,2023-02-09
2023-02-10 07:00:00+00:00,135.0,195.1,,1433.0,94.6,147.4,168.0,2023-02-10
2023-02-11 07:00:00+00:00,77.8,114.6,,866.0,74.3,92.2,77.0,2023-02-11
2023-02-12 07:00:00+00:00,92.7,135.5,,845.0,52.3,84.3,160.0,2023-02-12
2023-02-13 07:00:00+00:00,101.0,145.3,,872.0,53.1,71.0,189.0,2023-02-13
2023-02-14 07:00:00+00:00,146.2,209.1,,937.0,49.8,70.7,240.0,2023-02-14
2023-02-15 07:00:00+00:00,171.8,245.9,,1280.0,79.5,108.7,226.0,2023-02-15
2023-02-16 07:00:00+00:00,131.8,189.1,,792.0,35.2,65.6,269.0,2023-02-16
2023-02-17 07:00:00+00:00,141.1,202.1,,991.0,46.3,79.1,334.0,2023-02-17
2023-02-18 07:00:00+00:00,118.7,170.0,,879.0,66.5,77.4,121.0,2023-02-18
2023-02-19 07:00:00+00:00,149.9,214.7,,936.0,42.8,66.3,291.0,2023-02-19
2023-02-20 07:00:00+00:00,88.7,131.3,,808.0,10.4,80.3,262.0,2023-02-20
2023-02-21 07:00:00+00:00,159.7,230.0,,1560.0,71.0,167.7,291.0,2023-02-21
2023-02-22 07:00:00+00:00,71.0,107.6,,817.0,49.5,89.2,154.0,2023-02-22
2023-02-23 07:00:00+00:00,87.1,127.1,,953.0,58.7,96.4,178.0,2023-02-23
2023-02-24 07:00:00+00:00,131.8,189.1,,1144.0,75.4,105.0,197.0,2023-02-24
2023-02-25 07:00:00+00:00,122.0,177.0,,1133.0,63.4,118.9,153.0,2023-02-25
2023-02-26 07:00:00+00:00,142.0,203.5,,1211.0,83.1,110.3,108.0,2023-02-26
2023-02-27 07:00:00+00:00,100.8,144.8,,1007.0,80.5,89.1,125.0,2023-02-27
2023-02-28 07:00:00+00:00,136.0,195.1,,1252.0,72.2,141.9,240.0,2023-02-28
2023-03-01 07:00:00+00:00,144.8,207.7,,1311.0,100.6,135.8,162.0,2023-03-01
2023-03-02 07:00:00+00:00,164.4,235.6,,1318.0,69.5,126.3,237.0,2023-03-02
2023-03-03 07:00:00+00:00,227.7,327.8,,1964.0,130.9,193.0,236.0,2023-03-03
2023-03-04 07:00:00+00:00,170.4,248.7,,1596.0,40.4,204.1,424.0,2023-03-04
2023-03-05 07:00:00+00:00,228.6,328.8,,2134.0,61.1,178.9,438.0,2023-03-05
2023-03-06 07:00:00+00:00,114.6,163.9,,679.0,27.8,50.3,212.0,2023-03-06
2023-03-07 07:00:00+00:00,76.8,110.4,,389.0,8.6,25.0,156.0,2023-03-07
2023-03-08 07:00:00+00:00,116.9,168.6,,1434.0,118.7,100.7,230.0,2023-03-08
2023-03-09 07:00:00+00:00,144.4,206.8,,1264.0,86.0,74.4,270.0,2023-03-09
2023-03-10 07:00:00+00:00,119.7,171.8,,1105.0,76.5,81.8,217.0,2023-03-10
2023-03-11 07:00:00+00:00,143.4,205.4,,1229.0,93.8,70.1,217.0,2023-03-11
2023-03-12 07:00:00+00:00,150.4,215.6,,1212.0,93.6,76.0,131.0,2023-03-12
2023-03-13 07:00:00+00:00,256.1,366.9,,1227.0,28.9,86.2,371.0,2023-03-13
2023-03-14 07:00:00+00:00,170.9,246.8,,946.0,16.6,69.7,295.0,2023-03-14
2023-03-15 07:00:00+00:00,122.5,177.0,,1313.0,88.6,142.4,161.0,2023-03-15
2023-03-16 07:00:00+00:00,46.8,71.2,,414.0,3.0,15.5,170.0,2023-03-16
2023-03-17 07:00:00+00:00,38.4,60.5,,361.0,6.5,25.0,153.0,2023-03-17
2023-03-18 07:00:00+00:00,88.9,130.4,,908.0,16.8,92.7,318.0,2023-03-18
2023-03-19 07:00:00+00:00,35.0,58.6,,316.0,8.1,36.5,125.0,2023-03-19
2023-03-20 07:00:00+00:00,28.0,55.3,,303.0,11.0,27.0,124.0,2023-03-20
2023-03-21 07:00:00+00:00,23.9,46.6,,190.0,3.1,12.1,99.0,2023-03-21
2023-03-22 07:00:00+00:00,27.3,51.3,,278.0,8.1,26.2,119.0,2023-03-22
2023-03-23 07:00:00+00:00,22.6,41.1,,240.0,6.9,18.7,98.0,2023-03-23
2023-03-24 07:00:00+00:00,29.7,51.8,,326.0,10.8,33.9,120.0,2023-03-24
2023-03-25 07:00:00+00:00,32.7,64.5,,340.0,12.6,31.3,168.0,2023-03-25
2023-03-26 07:00:00+00:00,29.1,62.4,,268.0,8.4,21.9,141.0,2023-03-26
2023-03-27 07:00:00+00:00,35.6,66.6,,339.0,9.6,32.5,166.0,2023-03-27
2023-03-28 07:00:00+00:00,45.1,78.9,,424.0,12.9,41.9,186.0,2023-03-28
2023-03-29 07:00:00+00:00,38.0,69.2,,336.0,7.8,29.8,163.0,2023-03-29
2023-03-30 07:00:00+00:00,19.8,39.5,,175.0,3.3,12.9,106.0,2023-03-30
2023-03-31 07:00:00+00:00,31.8,70.1,,279.0,11.7,27.1,84.0,2023-03-31
2023-04-01 07:00:00+00:00,44.1,78.2,,493.0,36.2,57.3,121.0,2023-04-01
2023-04-02 07:00:00+00:00,33.9,58.2,,365.0,15.2,35.5,135.0,2023-04-02
2023-04-03 07:00:00+00:00,28.9,50.6,,293.0,10.6,29.6,128.0,2023-04-03
2023-04-04 07:00:00+00:00,47.1,78.9,,526.0,25.5,60.4,164.0,2023-04-04
2023-04-05 07:00:00+00:00,42.4,77.8,,471.0,16.8,55.6,171.0,2023-04-05
2023-04-06 07:00:00+00:00,48.4,91.7,,466.0,19.7,45.5,164.0,2023-04-06
2023-04-07 07:00:00+00:00,78.9,129.0,,742.0,40.2,77.8,186.0,2023-04-07
2023-04-08 07:00:00+00:00,187.2,272.9,,1352.0,51.1,109.0,387.0,2023-04-08
2023-04-09 07:00:00+00:00,197.0,285.0,,1719.0,69.2,148.0,502.0,2023-04-09
2023-04-10 07:00:00+00:00,174.2,259.8,,1445.0,90.7,105.6,334.0,2023-04-10
2023-04-11 07:00:00+00:00,95.5,143.0,,938.0,52.9,90.6,246.0,2023-04-11
2023-04-12 07:00:00+00:00,92.9,137.4,,898.0,52.2,78.7,223.0,2023-04-12
2023-04-13 07:00:00+00:00,93.4,136.9,,961.0,61.5,82.2,205.0,2023-04-13
2023-04-14 07:00:00+00:00,69.8,107.3,,770.0,53.6,77.2,159.0,2023-04-14
2023-04-15 07:00:00+00:00,93.4,140.6,,983.0,67.6,102.8,206.0,2023-04-15
2023-04-16 07:00:00+00:00,47.8,81.3,,574.0,33.5,58.7,136.0,2023-04-16
2023-04-17 07:00:00+00:00,63.6,105.5,,689.0,39.2,69.2,154.0,2023-04-17
2023-04-18 07:00:00+00:00,104.3,158.8,,893.0,56.7,69.7,223.0,2023-04-18
2023-04-19 07:00:00+00:00,119.2,177.0,,1027.0,53.8,84.5,298.0,2023-04-19
2023-04-20 07:00:00+00:00,82.4,125.7,,771.0,40.6,81.3,232.0,2023-04-20
2023-04-21 07:00:00+00:00,46.7,83.4,,464.0,18.1,55.6,169.0,2023-04-21
2023-04-22 07:00:00+00:00,31.4,57.9,,327.0,7.8,33.7,151.0,2023-04-22
2023-04-23 07:00:00+00:00,31.1,58.1,,304.0,6.6,32.0,150.0,2023-04-23
2023-04-24 07:00:00+00:00,54.6,91.0,,519.0,14.7,68.9,207.0,2023-04-24
2023-04-25 07:00:00+00:00,35.5,64.7,,337.0,7.2,37.3,148.0,2023-04-25
2023-04-26 07:00:00+00:00,21.8,41.1,,174.0,2.2,7.8,96.0,2023-04-26
2023-04-27 07:00:00+00:00,40.0,71.7,,388.0,18.2,50.9,124.0,2023-04-27
2023-04-28 07:00:00+00:00,38.0,63.6,,404.0,14.3,44.3,150.0,2023-04-28
2023-04-29 07:00:00+00:00,33.1,55.1,,361.0,12.3,37.6,131.0,2023-04-29
2023-04-30 07:00:00+00:00,39.2,62.9,,390.0,11.9,49.4,155.0,2023-04-30
2023-05-01 07:00:00+00:00,22.6,45.6,,196.0,4.1,18.1,117.0,2023-05-01
2023-05-02 07:00:00+00:00,23.1,46.2,,195.0,4.3,16.2,102.0,2023-05-02
2023-05-03 07:00:00+00:00,27.5,47.6,,303.0,9.3,29.7,125.0,2023-05-03
2023-05-04 07:00:00+00:00,34.0,55.2,,339.0,11.0,36.1,145.0,2023-05-04
2023-05-05 07:00:00+00:00,38.5,62.9,,337.0,9.5,40.7,159.0,2023-05-05
2023-05-06 07:00:00+00:00,27.4,48.3,,245.0,6.5,20.9,117.0,2023-05-06
2023-05-07 07:00:00+00:00,28.1,48.4,,279.0,8.9,23.3,115.0,2023-05-07
2023-05-08 07:00:00+00:00,35.0,57.4,,330.0,20.0,37.5,75.0,2023-05-08
2023-05-09 07:00:00+00:00,27.0,45.1,,260.0,8.6,24.7,114.0,2023-05-09
2023-05-10 07:00:00+00:00,42.0,71.5,,472.0,20.8,58.9,128.0,2023-05-10
2023-05-11 07:00:00+00:00,33.8,56.2,,253.0,5.2,25.2,145.0,2023-05-11
2023-05-12 07:00:00+00:00,23.1,39.1,,169.0,2.5,9.5,96.0,2023-05-12
2023-05-13 07:00:00+00:00,18.5,29.2,,155.0,2.3,9.1,75.0,2023-05-13
2023-05-14 07:00:00+00:00,18.6,31.2,,175.0,3.3,13.1,92.0,2023-05-14
2023-05-15 07:00:00+00:00,31.7,53.3,,219.0,5.0,17.7,101.0,2023-05-15
2023-05-16 07:00:00+00:00,25.6,44.7,,201.0,4.4,15.3,99.0,2023-05-16
2023-05-17 07:00:00+00:00,34.3,58.3,,333.0,8.3,37.6,156.0,2023-05-17
2023-05-18 07:00:00+00:00,30.7,57.3,,311.0,10.4,31.5,132.0,2023-05-18
2023-05-19 07:00:00+00:00,32.4,58.4,,339.0,13.5,34.6,131.0,2023-05-19
2023-05-20 07:00:00+00:00,28.6,70.1,,265.0,8.6,25.4,114.0,2023-05-20
2023-05-21 07:00:00+00:00,24.2,60.3,,210.0,5.4,16.5,103.0,2023-05-21
2023-05-22 07:00:00+00:00,30.3,63.8,,279.0,8.8,28.0,124.0,2023-05-22
2023-05-23 07:00:00+00:00,33.1,65.4,,327.0,14.1,36.0,125.0,2023-05-23
2023-05-24 07:00:00+00:00,26.5,56.2,,239.0,7.4,22.0,99.0,2023-05-24
2023-05-25 07:00:00+00:00,19.8,35.9,,172.0,3.3,13.3,90.0,2023-05-25
2023-05-26 07:00:00+00:00,26.1,44.9,,177.0,3.1,11.5,86.0,2023-05-26
2023-05-27 07:00:00+00:00,22.9,44.2,,145.0,2.3,7.2,82.0,2023-05-27
2023-05-28 07:00:00+00:00,20.3,37.4,,165.0,3.7,10.6,91.0,2023-05-28
2023-05-29 07:00:00+00:00,30.0,55.1,,293.0,9.6,31.2,123.0,2023-05-29
2023-05-30 07:00:00+00:00,39.0,67.8,,378.0,14.8,44.9,138.0,2023-05-30
2023-05-31 07:00:00+00:00,35.3,62.9,,342.0,12.9,40.4,130.0,2023-05-31
2023-06-01 07:00:00+00:00,24.6,51.5,,189.0,5.7,24.2,86.0,2023-06-01
2023-06-02 07:00:00+00:00,22.8,44.9,,209.0,6.2,18.2,88.0,2023-06-02
2023-06-03 07:00:00+00:00,19.7,38.8,,155.0,3.6,11.3,78.0,2023-06-03
2023-06-04 07:00:00+00:00,25.5,47.3,,224.0,7.7,19.9,80.0,2023-06-04
2023-06-05 07:00:00+00:00,18.9,40.3,,153.0,3.4,11.5,79.0,2023-06-05
2023-06-06 07:00:00+00:00,25.4,65.4,,158.0,3.3,11.9,86.0,2023-06-06
2023-06-07 07:00:00+00:00,20.0,54.9,,133.0,2.1,7.8,74.0,2023-06-07
2023-06-08 07:00:00+00:00,17.3,29.6,,116.0,2.3,8.2,70.0,2023-06-08
2023-06-09 07:00:00+00:00,14.6,24.1,,94.0,1.6,5.3,55.0,2023-06-09
2023-06-10 07:00:00+00:00,13.2,22.4,,96.0,1.7,5.3,63.0,2023-06-10
2023-06-11 07:00:00+00:00,15.1,28.0,,104.0,1.6,4.7,63.0,2023-06-11
2023-06-12 07:00:00+00:00,15.1,27.9,,98.0,1.5,4.5,59.0,2023-06-12
2023-06-13 07:00:00+00:00,22.2,42.0,,88.0,1.3,3.8,56.0,2023-06-13
2023-06-14 07:00:00+00:00,20.1,38.6,,86.0,1.4,4.3,55.0,2023-06-14
2023-06-15 07:00:00+00:00,21.0,42.0,,86.0,1.3,4.2,50.0,2023-06-15
2023-06-16 07:00:00+00:00,21.6,43.9,,87.0,1.3,4.1,49.0,2023-06-16
2023-06-17 07:00:00+00:00,22.5,47.6,,107.0,2.4,7.7,52.0,2023-06-17
2023-06-18 07:00:00+00:00,23.9,52.4,,124.0,2.6,8.7,58.0,2023-06-18
2023-06-19 07:00:00+00:00,24.1,53.2,,128.0,3.1,10.4,61.0,2023-06-19
2023-06-20 07:00:00+00:00,22.1,48.3,,117.0,2.4,8.9,63.0,2023-06-20
2023-06-21 07:00:00+00:00,22.5,51.2,,127.0,2.9,10.6,63.0,2023-06-21
2023-06-22 07:00:00+00:00,23.2,49.7,,122.0,3.1,11.2,60.0,2023-06-22
2023-06-23 07:00:00+00:00,20.1,37.1,,107.0,2.7,8.6,57.0,2023-06-23
2023-06-24 07:00:00+00:00,19.1,34.8,,122.0,3.2,10.5,61.0,2023-06-24
2023-06-25 07:00:00+00:00,21.6,39.8,,112.0,4.1,7.0,57.0,2023-06-25
2023-06-26 07:00:00+00:00,25.4,49.0,,122.0,4.4,8.1,54.0,2023-06-26
2023-06-27 07:00:00+00:00,22.0,42.0,,108.0,3.1,7.1,56.0,2023-06-27
2023-06-28 07:00:00+00:00,14.7,30.5,,128.0,3.7,5.2,60.0,2023-06-28
2023-06-29 07:00:00+00:00,17.3,31.4,,119.0,4.1,4.5,52.0,2023-06-29
2023-06-30 07:00:00+00:00,16.6,32.6,,116.0,3.2,4.9,54.0,2023-06-30
2023-07-01 07:00:00+00:00,20.7,43.1,,119.0,3.7,4.3,51.0,2023-07-01
2023-07-02 07:00:00+00:00,15.2,31.2,,102.0,2.4,5.9,52.0,2023-07-02
2023-07-03 07:00:00+00:00,12.7,25.8,,119.0,3.4,9.3,63.0,2023-07-03
2023-07-04 07:00:00+00:00,15.5,38.9,,126.0,3.8,7.1,61.0,2023-07-04
2023-07-05 07:00:00+00:00,14.2,33.5,,124.0,3.0,6.0,65.0,2023-07-05
2023-07-06 07:00:00+00:00,20.1,36.4,,121.0,4.6,4.5,51.0,2023-07-06
2023-07-07 07:00:00+00:00,15.9,29.0,,109.0,3.9,5.0,56.0,2023-07-07
2023-07-08 07:00:00+00:00,23.0,51.7,,103.0,2.2,4.3,62.0,2023-07-08
2023-07-09 07:00:00+00:00,21.8,51.7,,103.0,1.9,5.0,55.0,2023-07-09
2023-07-10 07:00:00+00:00,17.9,44.7,,96.0,2.1,5.4,54.0,2023-07-10
2023-07-11 07:00:00+00:00,18.0,44.4,,108.0,2.6,6.1,53.0,2023-07-11
2023-07-12 07:00:00+00:00,17.5,41.9,,112.0,3.9,8.1,45.0,2023-07-12
2023-07-13 07:00:00+00:00,14.8,34.5,,102.0,3.4,6.9,48.0,2023-07-13
2023-07-14 07:00:00+00:00,17.3,39.0,,108.0,3.7,5.0,47.0,2023-07-14
2023-07-15 07:00:00+00:00,18.4,40.6,,105.0,3.2,8.0,50.0,2023-07-15
2023-07-16 07:00:00+00:00,16.6,36.2,,106.0,2.9,6.5,51.0,2023-07-16
2023-07-17 07:00:00+00:00,16.0,32.6,,111.0,3.6,5.4,49.0,2023-07-17
2023-07-18 07:00:00+00:00,21.6,41.4,,101.0,3.9,4.6,47.0,2023-07-18
2023-07-19 07:00:00+00:00,22.8,42.1,,95.0,3.9,4.9,51.0,2023-07-19
2023-07-20 07:00:00+00:00,26.8,54.5,,105.0,2.8,3.5,44.0,2023-07-20
2023-07-21 07:00:00+00:00,23.2,53.6,,105.0,2.7,5.9,56.0,2023-07-21
2023-07-22 07:00:00+00:00,26.5,51.0,,98.0,3.7,4.6,49.0,2023-07-22
2023-07-23 07:00:00+00:00,21.6,38.8,,95.0,3.1,3.7,41.0,2023-07-23
2023-07-24 07:00:00+00:00,18.3,36.0,,93.0,2.1,4.4,53.0,2023-07-24
2023-07-25 07:00:00+00:00,18.6,42.7,,98.0,3.0,4.3,53.0,2023-07-25
2023-07-26 07:00:00+00:00,20.3,43.8,,99.0,3.3,5.0,55.0,2023-07-26
2023-07-27 07:00:00+00:00,20.4,43.3,,104.0,3.5,4.7,50.0,2023-07-27
2023-07-28 07:00:00+00:00,18.8,36.6,,103.0,4.5,5.9,43.0,2023-07-28
2023-07-29 07:00:00+00:00,20.4,44.1,,89.0,2.5,5.0,46.0,2023-07-29
2023-07-30 07:00:00+00:00,17.3,38.6,,87.0,2.2,5.5,48.0,2023-07-30
2023-07-31 07:00:00+00:00,17.2,45.5,,90.0,2.4,5.0,49.0,2023-07-31
2023-08-01 07:00:00+00:00,17.6,46.7,,101.0,2.4,5.6,53.0,2023-08-01
2023-08-02 07:00:00+00:00,18.6,46.1,,109.0,2.9,5.1,52.0,2023-08-02
2023-08-03 07:00:00+00:00,15.9,35.3,,96.0,1.9,4.3,51.0,2023-08-03
2023-08-04 07:00:00+00:00,17.5,39.5,,89.0,2.3,4.3,47.0,2023-08-04
2023-08-05 07:00:00+00:00,19.2,37.1,,85.0,2.0,5.1,52.0,2023-08-05
2023-08-06 07:00:00+00:00,17.8,35.3,,96.0,2.4,6.2,53.0,2023-08-06
2023-08-07 07:00:00+00:00,17.7,38.4,,92.0,1.7,4.7,52.0,2023-08-07
2023-08-08 07:00:00+00:00,15.8,35.9,,93.0,2.1,5.4,54.0,2023-08-08
2023-08-09 07:00:00+00:00,17.6,42.7,,107.0,2.9,6.2,49.0,2023-08-09
2023-08-10 07:00:00+00:00,17.5,47.0,,108.0,2.8,7.8,56.0,2023-08-10
2023-08-11 07:00:00+00:00,18.3,47.8,,112.0,3.4,8.7,56.0,2023-08-11
2023-08-12 07:00:00+00:00,18.2,51.5,,118.0,3.1,8.3,62.0,2023-08-12
2023-08-13 07:00:00+00:00,18.3,42.7,,106.0,2.5,5.5,52.0,2023-08-13
2023-08-14 07:00:00+00:00,19.3,40.9,,99.0,1.7,4.8,52.0,2023-08-14
2023-08-15 07:00:00+00:00,18.3,42.5,,89.0,2.7,6.8,49.0,2023-08-15
2023-08-16 07:00:00+00:00,16.6,38.1,,115.0,3.0,8.6,54.0,2023-08-16
2023-08-17 07:00:00+00:00,15.3,33.9,,105.0,2.7,7.2,59.0,2023-08-17
2023-08-18 07:00:00+00:00,14.8,29.6,,110.0,3.0,7.2,59.0,2023-08-18
2023-08-19 07:00:00+00:00,18.5,42.7,,122.0,4.0,7.9,60.0,2023-08-19
2023-08-20 07:00:00+00:00,16.5,36.9,,107.0,4.1,8.7,63.0,2023-08-20
2023-08-21 07:00:00+00:00,16.7,43.0,,95.0,3.2,6.9,59.0,2023-08-21
2023-08-22 07:00:00+00:00,15.5,33.8,,107.0,3.8,8.9,52.0,2023-08-22
2023-08-23 07:00:00+00:00,11.3,27.1,,95.0,2.6,6.9,45.0,2023-08-23
2023-08-24 07:00:00+00:00,10.5,24.0,,109.0,2.3,5.8,39.0,2023-08-24
2023-08-25 07:00:00+00:00,10.2,20.3,,87.0,2.1,6.2,40.0,2023-08-25
2023-08-26 07:00:00+00:00,13.0,26.0,,86.0,2.0,5.6,41.0,2023-08-26
2023-08-27 07:00:00+00:00,10.5,23.1,,78.0,2.2,6.0,44.0,2023-08-27
2023-08-28 07:00:00+00:00,11.8,26.2,,99.0,2.5,6.7,44.0,2023-08-28
2023-08-29 07:00:00+00:00,13.4,33.3,,111.0,3.0,8.4,53.0,2023-08-29
2023-08-30 07:00:00+00:00,18.3,43.0,,157.0,6.0,19.1,64.0,2023-08-30
2023-08-31 07:00:00+00:00,32.8,72.4,,250.0,13.4,41.2,158.0,2023-08-31
2023-09-01 07:00:00+00:00,28.9,68.7,,236.0,13.5,35.7,137.0,2023-09-01
2023-09-02 07:00:00+00:00,25.1,49.4,,224.0,10.6,31.0,124.0,2023-09-02
2023-09-03 07:00:00+00:00,17.2,49.4,,115.0,4.2,9.5,77.0,2023-09-03
2023-09-04 07:00:00+00:00,20.0,56.7,,134.0,3.1,8.0,77.0,2023-09-04
2023-09-05 07:00:00+00:00,21.2,52.4,,148.0,4.0,11.5,93.0,2023-09-05
2023-09-06 07:00:00+00:00,23.6,67.5,,111.0,2.5,6.8,72.0,2023-09-06
2023-09-07 07:00:00+00:00,22.9,52.0,,119.0,4.3,6.9,67.0,2023-09-07
2023-09-08 07:00:00+00:00,19.4,43.9,,113.0,4.5,5.9,61.0,2023-09-08
2023-09-09 07:00:00+00:00,15.7,33.8,,123.0,3.5,7.8,66.0,2023-09-09
2023-09-10 07:00:00+00:00,14.2,30.3,,117.0,3.0,7.9,55.0,2023-09-10
2023-09-11 07:00:00+00:00,15.1,29.9,,118.0,3.5,6.9,55.0,2023-09-11
2023-09-12 07:00:00+00:00,13.5,28.5,,113.0,2.3,7.0,57.0,2023-09-12
2023-09-13 07:00:00+00:00,13.6,30.4,,101.0,2.6,7.5,51.0,2023-09-13
2023-09-14 07:00:00+00:00,14.2,34.8,,141.0,3.5,11.4,58.0,2023-09-14
2023-09-15 07:00:00+00:00,9.4,22.4,,127.0,3.0,9.7,50.0,2023-09-15
2023-09-16 07:00:00+00:00,12.8,25.8,,112.0,3.5,5.6,38.0,2023-09-16
2023-09-17 07:00:00+00:00,16.7,35.7,,109.0,2.4,5.0,43.0,2023-09-17
2023-09-18 07:00:00+00:00,16.6,35.0,,111.0,1.5,4.6,48.0,2023-09-18
2023-09-19 07:00:00+00:00,11.9,23.8,,123.0,2.1,5.1,48.0,2023-09-19
2023-09-20 07:00:00+00:00,13.2,25.6,,107.0,2.0,4.2,47.0,2023-09-20
2023-09-21 07:00:00+00:00,6.8,12.5,,122.0,2.6,6.2,57.0,2023-09-21
2023-09-22 07:00:00+00:00,13.9,28.6,,131.0,6.2,13.5,42.0,2023-09-22
2023-09-23 07:00:00+00:00,9.3,15.0,,153.0,8.3,12.6,44.0,2023-09-23
2023-09-24 07:00:00+00:00,13.4,26.3,,131.0,5.8,12.4,54.0,2023-09-24
2023-09-25 07:00:00+00:00,13.5,27.3,,162.0,5.0,13.0,72.0,2023-09-25
2023-09-26 07:00:00+00:00,13.7,23.9,,188.0,7.7,17.0,95.0,2023-09-26
2023-09-27 07:00:00+00:00,20.3,36.9,,225.0,12.6,22.7,117.0,2023-09-27
2023-09-28 07:00:00+00:00,43.2,73.1,,389.0,20.1,37.3,142.0,2023-09-28
2023-09-29 07:00:00+00:00,47.5,71.2,,490.0,17.6,51.7,218.0,2023-09-29
2023-09-30 07:00:00+00:00,33.3,49.6,,383.0,9.7,32.4,242.0,2023-09-30
2023-10-01 07:00:00+00:00,49.4,89.4,,379.0,14.7,32.6,162.0,2023-10-01
2023-10-02 07:00:00+00:00,31.3,92.7,,142.0,3.2,8.5,94.0,2023-10-02
2023-10-03 07:00:00+00:00,24.6,100.6,,157.0,3.7,12.1,113.0,2023-10-03
2023-10-04 07:00:00+00:00,33.9,102.0,,216.0,7.1,26.0,172.0,2023-10-04
2023-10-05 07:00:00+00:00,41.9,105.2,,255.0,8.4,31.3,207.0,2023-10-05
2023-10-06 07:00:00+00:00,45.1,100.8,,239.0,9.0,30.7,183.0,2023-10-06
2023-10-07 07:00:00+00:00,48.0,95.5,,246.0,8.6,29.1,190.0,2023-10-07
2023-10-08 07:00:00+00:00,54.4,101.7,,290.0,6.6,31.9,207.0,2023-10-08
2023-10-09 07:00:00+00:00,58.3,104.8,,348.0,7.2,33.9,234.0,2023-10-09
2023-10-10 07:00:00+00:00,30.0,47.8,,277.0,7.8,25.5,214.0,2023-10-10
2023-10-11 07:00:00+00:00,21.5,36.6,,260.0,8.1,22.9,167.0,2023-10-11
2023-10-12 07:00:00+00:00,25.1,44.7,,226.0,7.0,22.3,161.0,2023-10-12
2023-10-13 07:00:00+00:00,69.8,115.7,,519.0,9.8,47.4,306.0,2023-10-13
2023-10-14 07:00:00+00:00,77.8,128.1,,612.0,11.5,62.2,374.0,2023-10-14
2023-10-15 07:00:00+00:00,70.5,116.4,,508.0,11.6,42.5,320.0,2023-10-15
2023-10-16 07:00:00+00:00,62.2,99.0,,505.0,11.7,34.9,324.0,2023-10-16
2023-10-17 07:00:00+00:00,66.4,108.0,,447.0,10.8,31.3,228.0,2023-10-17
2023-10-18 07:00:00+00:00,68.7,108.7,,548.0,11.7,34.7,350.0,2023-10-18
2023-10-19 07:00:00+00:00,55.1,89.2,,418.0,11.0,24.5,266.0,2023-10-19
2023-10-20 07:00:00+00:00,72.9,118.7,,547.0,15.0,42.9,312.0,2023-10-20
2023-10-21 07:00:00+00:00,67.3,109.4,,470.0,10.8,23.5,246.0,2023-10-21
2023-10-22 07:00:00+00:00,93.8,153.2,,629.0,14.0,51.9,352.0,2023-10-22
2023-10-23 07:00:00+00:00,85.2,145.8,,651.0,12.3,47.3,351.0,2023-10-23
2023-10-24 07:00:00+00:00,62.4,108.3,,607.0,12.9,36.0,341.0,2023-10-24
2023-10-25 07:00:00+00:00,54.7,92.9,,585.0,13.4,33.7,327.0,2023-10-25
2023-10-26 07:00:00+00:00,44.7,78.5,,461.0,11.2,28.5,275.0,2023-10-26
2023-10-27 07:00:00+00:00,46.3,78.9,,510.0,13.3,34.3,313.0,2023-10-27
2023-10-28 07:00:00+00:00,45.4,77.8,,461.0,11.7,27.2,258.0,2023-10-28
2023-10-29 07:00:00+00:00,48.2,79.2,,490.0,12.2,29.5,268.0,2023-10-29
2023-10-30 07:00:00+00:00,53.1,87.3,,554.0,13.7,31.8,287.0,2023-10-30
2023-10-31 07:00:00+00:00,70.5,115.3,,638.0,14.6,45.9,343.0,2023-10-31
2023-11-01 07:00:00+00:00,50.6,82.7,,406.0,9.7,30.2,242.0,2023-11-01
2023-11-02 07:00:00+00:00,48.1,71.9,,570.0,13.9,32.1,307.0,2023-11-02
2023-11-03 07:00:00+00:00,62.9,97.1,,581.0,13.3,33.2,304.0,2023-11-03
2023-11-04 07:00:00+00:00,63.3,101.3,,516.0,12.9,25.8,252.0,2023-11-04
2023-11-05 07:00:00+00:00,71.9,113.4,,521.0,8.7,25.9,217.0,2023-11-05
2023-11-06 07:00:00+00:00,59.6,93.4,,601.0,13.0,36.0,301.0,2023-11-06
2023-11-07 07:00:00+00:00,54.9,88.7,,481.0,13.0,34.7,231.0,2023-11-07
2023-11-08 07:00:00+00:00,26.1,38.1,,290.0,6.2,16.5,143.0,2023-11-08
2023-11-09 07:00:00+00:00,55.8,83.4,,501.0,11.8,54.0,289.0,2023-11-09
2023-11-10 07:00:00+00:00,49.4,77.3,,436.0,11.3,45.6,211.0,2023-11-10
2023-11-11 07:00:00+00:00,59.3,94.8,,513.0,15.0,31.9,264.0,2023-11-11
2023-11-12 07:00:00+00:00,60.1,96.4,,660.0,15.1,28.2,298.0,2023-11-12
2023-11-13 07:00:00+00:00,63.1,103.4,,619.0,14.8,29.5,269.0,2023-11-13
2023-11-14 07:00:00+00:00,69.8,114.8,,582.0,14.1,36.2,266.0,2023-11-14
2023-11-15 07:00:00+00:00,58.8,95.0,,480.0,12.8,36.1,247.0,2023-11-15
2023-11-16 07:00:00+00:00,67.3,112.0,,490.0,11.5,36.8,216.0,2023-11-16
2023-11-17 07:00:00+00:00,73.6,124.3,,502.0,8.8,34.1,213.0,2023-11-17
2023-11-18 07:00:00+00:00,82.0,133.6,,678.0,17.0,52.4,275.0,2023-11-18
2023-11-19 07:00:00+00:00,78.2,125.3,,675.0,15.2,40.0,310.0,2023-11-19
2023-11-20 07:00:00+00:00,59.6,91.3,,617.0,14.5,29.9,271.0,2023-11-20
2023-11-21 07:00:00+00:00,46.1,68.9,,421.0,10.4,25.2,200.0,2023-11-21
2023-11-22 07:00:00+00:00,52.4,77.5,,509.0,14.7,35.7,246.0,2023-11-22
2023-11-23 07:00:00+00:00,58.7,86.8,,488.0,12.5,33.1,251.0,2023-11-23
2023-11-24 07:00:00+00:00,35.9,52.2,,454.0,11.3,24.2,218.0,2023-11-24
2023-11-25 07:00:00+00:00,17.6,25.6,,291.0,4.9,13.1,144.0,2023-11-25
2023-11-26 07:00:00+00:00,21.9,33.3,,297.0,11.4,18.6,106.0,2023-11-26
2023-11-27 07:00:00+00:00,15.2,22.9,,288.0,10.5,28.9,122.0,2023-11-27
2023-11-28 07:00:00+00:00,21.4,32.5,,311.0,10.7,35.6,162.0,2023-11-28
2023-11-29 07:00:00+00:00,40.3,61.9,,393.0,8.5,39.1,202.0,2023-11-29
2023-11-30 07:00:00+00:00,58.1,89.4,,443.0,9.0,47.2,219.0,2023-11-30
2023-12-01 07:00:00+00:00,61.2,93.6,,463.0,8.6,50.4,209.0,2023-12-01
2023-12-02 07:00:00+00:00,60.5,90.6,,522.0,11.2,54.8,247.0,2023-12-02
2023-12-03 07:00:00+00:00,49.4,72.2,,622.0,16.1,41.1,278.0,2023-12-03
2023-12-04 07:00:00+00:00,39.2,56.5,,501.0,14.2,32.3,239.0,2023-12-04
2023-12-05 07:00:00+00:00,40.4,58.3,,484.0,12.7,32.3,207.0,2023-12-05
2023-12-06 07:00:00+00:00,44.1,64.0,,455.0,11.4,36.5,184.0,2023-12-06
2023-12-07 07:00:00+00:00,37.3,53.7,,394.0,13.1,36.1,150.0,2023-12-07
2023-12-08 07:00:00+00:00,46.2,66.8,,482.0,16.4,46.5,211.0,2023-12-08
2023-12-09 07:00:00+00:00,44.2,63.6,,489.0,14.3,37.7,230.0,2023-12-09
2023-12-10 07:00:00+00:00,32.7,47.0,,411.0,11.4,28.3,177.0,2023-12-10
2023-12-11 07:00:00+00:00,38.5,55.4,,461.0,14.6,34.0,229.0,2023-12-11
2023-12-12 07:00:00+00:00,36.6,52.7,,409.0,13.6,37.8,205.0,2023-12-12
2023-12-13 07:00:00+00:00,42.7,61.9,,456.0,16.9,52.9,226.0,2023-12-13
2023-12-14 07:00:00+00:00,31.5,45.6,,348.0,7.9,20.9,173.0,2023-12-14
2023-12-15 07:00:00+00:00,30.6,39.5,,340.0,8.9,25.5,174.0,2023-12-15
2023-12-16 07:00:00+00:00,42.7,63.8,,391.0,14.2,35.9,198.0,2023-12-16
2023-12-17 07:00:00+00:00,52.7,78.7,,465.0,12.3,29.3,181.0,2023-12-17
2023-12-18 07:00:00+00:00,48.5,72.9,,402.0,8.9,23.6,142.0,2023-12-18
2023-12-19 07:00:00+00:00,52.2,78.5,,390.0,11.0,30.3,149.0,2023-12-19
2023-12-20 07:00:00+00:00,38.3,57.6,,430.0,17.1,41.1,157.0,2023-12-20
2023-12-21 07:00:00+00:00,44.1,66.8,,491.0,19.9,38.1,140.0,2023-12-21
2023-12-22 07:00:00+00:00,71.0,108.0,,780.0,25.4,53.2,260.0,2023-12-22
2023-12-23 07:00:00+00:00,75.9,114.6,,853.0,18.9,50.0,355.0,2023-12-23
2023-12-24 07:00:00+00:00,54.6,82.7,,698.0,19.6,36.3,276.0,2023-12-24
2023-12-25 07:00:00+00:00,61.0,95.0,,639.0,17.2,35.1,251.0,2023-12-25
2023-12-26 07:00:00+00:00,68.2,104.5,,767.0,19.5,40.5,289.0,2023-12-26
2023-12-27 07:00:00+00:00,61.0,93.4,,694.0,16.8,38.7,290.0,2023-12-27
2023-12-28 07:00:00+00:00,73.6,113.6,,759.0,20.7,38.2,261.0,2023-12-28
2023-12-29 07:00:00+00:00,68.9,105.0,,742.0,18.2,44.3,288.0,2023-12-29
2023-12-30 07:00:00+00:00,69.6,105.5,,754.0,18.0,59.3,295.0,2023-12-30
2023-12-31 07:00:00+00:00,64.0,96.9,,665.0,16.4,44.0,268.0,2023-12-31
2024-01-01 07:00:00+00:00,56.2,84.3,,630.0,15.7,44.7,254.0,2024-01-01
2024-01-02 07:00:00+00:00,74.0,113.6,,657.0,14.8,44.6,232.0,2024-01-02
2024-01-03 07:00:00+00:00,72.2,110.4,,643.0,14.1,43.8,216.0,2024-01-03
2024-01-04 07:00:00+00:00,65.4,100.8,,575.0,12.1,36.6,196.0,2024-01-04
2024-01-05 07:00:00+00:00,75.7,116.6,,615.0,16.0,50.4,217.0,2024-01-05
2024-01-06 07:00:00+00:00,73.1,112.5,,591.0,15.6,33.7,201.0,2024-01-06
2024-01-07 07:00:00+00:00,62.6,95.7,,640.0,19.0,41.9,223.0,2024-01-07
2024-01-08 07:00:00+00:00,32.1,48.7,,479.0,13.8,27.0,170.0,2024-01-08
2024-01-09 07:00:00+00:00,56.8,91.5,,368.0,7.8,27.3,142.0,2024-01-09
2024-01-10 07:00:00+00:00,29.3,44.4,,386.0,18.9,34.6,134.0,2024-01-10
2024-01-11 07:00:00+00:00,43.7,64.0,,560.0,21.1,35.4,222.0,2024-01-11
2024-01-12 07:00:00+00:00,46.6,68.0,,698.0,21.4,28.1,270.0,2024-01-12
2024-01-13 07:00:00+00:00,50.5,74.3,,679.0,22.4,32.7,289.0,2024-01-13
2024-01-14 07:00:00+00:00,45.8,67.1,,552.0,16.6,42.4,222.0,2024-01-14
2024-01-15 07:00:00+00:00,20.1,30.5,,281.0,12.3,31.0,154.0,2024-01-15
2024-01-16 07:00:00+00:00,37.0,54.1,,469.0,13.6,69.5,192.0,2024-01-16
2024-01-17 07:00:00+00:00,38.4,60.3,,374.0,10.0,38.7,195.0,2024-01-17
2024-01-18 07:00:00+00:00,50.6,92.0,,418.0,7.6,50.8,185.0,2024-01-18
2024-01-19 07:00:00+00:00,55.1,93.4,,494.0,13.3,64.0,224.0,2024-01-19
2024-01-20 07:00:00+00:00,78.0,121.1,,670.0,12.2,65.0,236.0,2024-01-20
2024-01-21 07:00:00+00:00,54.4,82.4,,548.0,14.9,45.0,228.0,2024-01-21
2024-01-22 07:00:00+00:00,57.7,87.5,,633.0,17.9,64.7,245.0,2024-01-22
2024-01-23 07:00:00+00:00,28.4,44.7,,340.0,10.7,23.9,161.0,2024-01-23
2024-01-24 07:00:00+00:00,30.4,44.5,,420.0,14.2,28.2,190.0,2024-01-24
2024-01-25 07:00:00+00:00,39.9,58.2,,505.0,18.9,36.8,209.0,2024-01-25
2024-01-26 07:00:00+00:00,58.4,85.4,,714.0,22.2,38.2,298.0,2024-01-26
2024-01-27 07:00:00+00:00,59.4,87.8,,701.0,24.0,33.4,295.0,2024-01-27
2024-01-28 07:00:00+00:00,60.1,90.8,,699.0,24.8,37.1,303.0,2024-01-28
2024-01-29 07:00:00+00:00,58.1,93.4,,574.0,17.7,41.6,231.0,2024-01-29
2024-01-30 07:00:00+00:00,52.9,81.7,,508.0,15.0,39.8,217.0,2024-01-30
2024-01-31 07:00:00+00:00,53.3,93.8,,498.0,12.6,44.6,236.0,2024-01-31
2024-02-01 07:00:00+00:00,35.5,73.3,,287.0,7.1,22.1,161.0,2024-02-01
2024-02-02 07:00:00+00:00,39.7,75.7,,345.0,11.6,35.4,180.0,2024-02-02
2024-02-03 07:00:00+00:00,53.2,84.8,,642.0,20.3,29.0,274.0,2024-02-03
2024-02-04 07:00:00+00:00,64.7,100.1,,707.0,21.5,42.7,297.0,2024-02-04
2024-02-05 07:00:00+00:00,46.8,97.1,,490.0,13.5,34.1,260.0,2024-02-05
2024-02-06 07:00:00+00:00,44.6,108.5,,502.0,17.7,37.3,249.0,2024-02-06
2024-02-07 07:00:00+00:00,53.1,107.6,,503.0,13.5,39.3,217.0,2024-02-07
2024-02-08 07:00:00+00:00,35.3,73.1,,369.0,11.1,22.9,188.0,2024-02-08
2024-02-09 07:00:00+00:00,48.1,80.6,,471.0,12.7,33.7,218.0,2024-02-09
2024-02-10 07:00:00+00:00,39.3,61.9,,462.0,12.0,34.9,206.0,2024-02-10
2024-02-11 07:00:00+00:00,47.8,73.3,,498.0,11.6,41.5,220.0,2024-02-11
2024-02-12 07:00:00+00:00,63.3,97.8,,589.0,13.2,49.8,253.0,2024-02-12
2024-02-13 07:00:00+00:00,54.6,86.4,,484.0,12.3,46.4,221.0,2024-02-13
2024-02-14 07:00:00+00:00,66.4,103.4,,485.0,14.4,33.1,202.0,2024-02-14
2024-02-15 07:00:00+00:00,53.4,84.8,,526.0,12.9,25.7,233.0,2024-02-15
2024-02-16 07:00:00+00:00,86.6,131.8,,894.0,19.2,42.3,369.0,2024-02-16
2024-02-17 07:00:00+00:00,105.0,163.0,,1003.0,13.0,50.5,434.0,2024-02-17
2024-02-18 07:00:00+00:00,97.3,147.6,,900.0,16.6,59.9,419.0,2024-02-18
2024-02-19 07:00:00+00:00,66.4,99.9,,638.0,15.3,38.2,326.0,2024-02-19
2024-02-20 07:00:00+00:00,29.1,43.8,,349.0,13.0,28.2,190.0,2024-02-20
2024-02-21 07:00:00+00:00,23.3,40.5,,257.0,7.7,21.0,143.0,2024-02-21
2024-02-22 07:00:00+00:00,26.8,81.3,,212.0,6.9,18.6,147.0,2024-02-22
2024-02-23 07:00:00+00:00,35.6,115.0,,288.0,10.1,31.6,189.0,2024-02-23
2024-02-24 07:00:00+00:00,28.2,50.5,,382.0,9.7,31.4,201.0,2024-02-24
2024-02-25 07:00:00+00:00,27.0,42.7,,353.0,11.3,23.7,216.0,2024-02-25
2024-02-26 07:00:00+00:00,63.6,96.2,,711.0,18.6,56.0,364.0,2024-02-26
2024-02-27 07:00:00+00:00,71.0,117.6,,690.0,13.4,38.6,381.0,2024-02-27
2024-02-28 07:00:00+00:00,76.1,119.0,,687.0,16.8,35.0,315.0,2024-02-28
2024-02-29 07:00:00+00:00,69.8,106.9,,775.0,15.2,32.0,330.0,2024-02-29
2024-03-01 07:00:00+00:00,57.3,95.0,,641.0,10.9,29.7,332.0,2024-03-01
2024-03-02 07:00:00+00:00,34.5,55.1,,272.0,8.9,25.2,158.0,2024-03-02
2024-03-03 07:00:00+00:00,22.9,66.4,,194.0,3.4,9.3,126.0,2024-03-03
2024-03-04 07:00:00+00:00,29.0,71.7,,244.0,6.2,19.2,163.0,2024-03-04
2024-03-05 07:00:00+00:00,38.0,62.4,,403.0,12.0,40.8,235.0,2024-03-05
2024-03-06 07:00:00+00:00,38.1,62.2,,432.0,9.0,43.2,225.0,2024-03-06
2024-03-07 07:00:00+00:00,40.5,63.8,,420.0,12.3,39.1,275.0,2024-03-07
2024-03-08 07:00:00+00:00,29.5,62.4,,369.0,11.1,22.0,232.0,2024-03-08
2024-03-09 07:00:00+00:00,28.3,52.2,,429.0,12.3,23.6,248.0,2024-03-09
2024-03-10 07:00:00+00:00,35.2,59.8,,451.0,13.0,32.2,275.0,2024-03-10
2024-03-11 07:00:00+00:00,42.8,72.6,,490.0,13.2,34.0,283.0,2024-03-11
2024-03-12 07:00:00+00:00,34.9,67.8,,456.0,12.1,28.5,266.0,2024-03-12
2024-03-13 07:00:00+00:00,27.4,60.1,,247.0,7.2,18.1,152.0,2024-03-13
2024-03-14 07:00:00+00:00,28.2,71.7,,251.0,7.3,19.5,158.0,2024-03-14
2024-03-15 07:00:00+00:00,45.9,120.6,,247.0,6.8,21.4,177.0,2024-03-15
2024-03-16 07:00:00+00:00,48.4,99.9,,353.0,10.5,37.4,246.0,2024-03-16
2024-03-17 07:00:00+00:00,58.2,116.6,,425.0,12.7,44.3,272.0,2024-03-17
2024-03-18 07:00:00+00:00,50.5,98.5,,427.0,12.0,45.8,275.0,2024-03-18
2024-03-19 07:00:00+00:00,51.0,89.2,,499.0,11.2,42.0,322.0,2024-03-19
2024-03-20 07:00:00+00:00,46.4,68.2,,574.0,14.0,27.2,335.0,2024-03-20
2024-03-21 07:00:00+00:00,57.4,84.1,,631.0,12.5,24.1,342.0,2024-03-21
2024-03-22 07:00:00+00:00,46.4,78.0,,398.0,7.5,20.9,183.0,2024-03-22
2024-03-23 07:00:00+00:00,59.8,107.1,,606.0,14.9,50.0,371.0,2024-03-23
2024-03-24 07:00:00+00:00,33.2,69.6,,338.0,13.4,35.8,198.0,2024-03-24
2024-03-25 07:00:00+00:00,22.1,46.1,,295.0,10.1,23.4,192.0,2024-03-25
2024-03-26 07:00:00+00:00,32.1,61.0,,341.0,14.8,35.2,226.0,2024-03-26
2024-03-27 07:00:00+00:00,29.7,61.9,,309.0,18.1,32.7,184.0,2024-03-27
2024-03-28 07:00:00+00:00,27.7,57.0,,292.0,14.1,31.5,167.0,2024-03-28
2024-03-29 07:00:00+00:00,29.6,62.2,,276.0,11.6,25.4,194.0,2024-03-29
2024-03-30 07:00:00+00:00,35.3,93.8,,275.0,10.5,24.3,182.0,2024-03-30
2024-03-31 07:00:00+00:00,29.4,54.4,,298.0,7.6,16.9,186.0,2024-03-31
2024-04-01 07:00:00+00:00,35.5,68.7,,299.0,8.3,23.4,198.0,2024-04-01
2024-04-02 07:00:00+00:00,47.1,97.8,,318.0,9.5,32.7,238.0,2024-04-02
2024-04-03 07:00:00+00:00,49.6,112.0,,356.0,11.5,39.7,263.0,2024-04-03
2024-04-04 07:00:00+00:00,33.4,77.1,,251.0,6.3,19.2,182.0,2024-04-04
2024-04-05 07:00:00+00:00,35.3,70.3,,332.0,8.7,25.4,235.0,2024-04-05
2024-04-06 07:00:00+00:00,37.8,72.2,,410.0,10.2,23.8,268.0,2024-04-06
2024-04-07 07:00:00+00:00,33.3,78.2,,331.0,8.6,23.2,222.0,2024-04-07
2024-04-08 07:00:00+00:00,30.4,66.4,,279.0,8.0,27.7,227.0,2024-04-08
2024-04-09 07:00:00+00:00,38.5,80.6,,353.0,10.3,33.6,269.0,2024-04-09
2024-04-10 07:00:00+00:00,34.5,70.5,,317.0,12.7,36.8,223.0,2024-04-10
2024-04-11 07:00:00+00:00,40.6,79.2,,355.0,10.2,33.9,268.0,2024-04-11
2024-04-12 07:00:00+00:00,32.1,63.1,,279.0,8.1,28.1,214.0,2024-04-12
2024-04-13 07:00:00+00:00,28.3,61.9,,220.0,5.7,21.3,165.0,2024-04-13
2024-04-14 07:00:00+00:00,35.3,61.2,,283.0,11.6,40.2,217.0,2024-04-14
2024-04-15 07:00:00+00:00,38.3,70.8,,422.0,11.1,30.6,314.0,2024-04-15
2024-04-16 07:00:00+00:00,34.3,60.1,,434.0,10.4,17.8,290.0,2024-04-16
2024-04-17 07:00:00+00:00,25.0,56.9,,262.0,8.8,18.2,159.0,2024-04-17
2024-04-18 07:00:00+00:00,23.1,57.4,,205.0,6.0,16.9,130.0,2024-04-18
2024-04-19 07:00:00+00:00,26.5,52.4,,217.0,10.5,20.5,136.0,2024-04-19
2024-04-20 07:00:00+00:00,33.4,67.8,,304.0,8.6,21.6,198.0,2024-04-20
2024-04-21 07:00:00+00:00,29.2,59.5,,248.0,5.6,18.7,188.0,2024-04-21
2024-04-22 07:00:00+00:00,25.4,48.9,,241.0,4.8,15.8,174.0,2024-04-22
2024-04-23 07:00:00+00:00,31.3,65.9,,261.0,6.8,21.2,196.0,2024-04-23
2024-04-24 07:00:00+00:00,29.8,63.1,,216.0,5.7,17.6,168.0,2024-04-24
2024-04-25 07:00:00+00:00,26.1,54.5,,214.0,5.2,17.8,176.0,2024-04-25
2024-04-26 07:00:00+00:00,28.5,55.2,,260.0,7.0,21.0,196.0,2024-04-26
2024-04-27 07:00:00+00:00,27.4,55.1,,257.0,7.0,21.0,200.0,2024-04-27
2024-04-28 07:00:00+00:00,35.9,67.8,,362.0,9.4,21.3,246.0,2024-04-28
2024-04-29 07:00:00+00:00,30.5,65.9,,352.0,9.1,20.1,239.0,2024-04-29
2024-04-30 07:00:00+00:00,33.6,75.0,,340.0,8.6,18.8,248.0,2024-04-30
2024-05-01 07:00:00+00:00,36.2,91.0,,240.0,5.5,19.5,197.0,2024-05-01
2024-05-02 07:00:00+00:00,36.2,113.6,,190.0,4.6,16.9,155.0,2024-05-02
2024-05-03 07:00:00+00:00,45.2,109.7,,266.0,6.1,29.0,224.0,2024-05-03
2024-05-04 07:00:00+00:00,23.1,61.0,,204.0,4.6,16.4,150.0,2024-05-04
2024-05-05 07:00:00+00:00,30.4,59.0,,253.0,6.4,21.7,187.0,2024-05-05
2024-05-06 07:00:00+00:00,31.1,68.2,,188.0,4.1,13.1,119.0,2024-05-06
2024-05-07 07:00:00+00:00,19.1,67.1,,164.0,3.4,11.4,112.0,2024-05-07
2024-05-08 07:00:00+00:00,14.8,42.0,,160.0,4.1,14.1,93.0,2024-05-08
2024-05-09 07:00:00+00:00,14.5,47.7,,152.0,3.4,10.4,99.0,2024-05-09
2024-05-10 07:00:00+00:00,14.9,43.5,,142.0,3.2,10.7,99.0,2024-05-10
2024-05-11 07:00:00+00:00,21.0,58.6,,197.0,4.8,16.5,132.0,2024-05-11
2024-05-12 07:00:00+00:00,25.7,62.6,,209.0,5.5,17.9,140.0,2024-05-12
2024-05-13 07:00:00+00:00,26.9,61.2,,219.0,6.6,22.4,171.0,2024-05-13
2024-05-14 07:00:00+00:00,33.3,63.6,,301.0,8.5,24.3,238.0,2024-05-14
2024-05-15 07:00:00+00:00,30.6,59.8,,236.0,9.0,25.9,173.0,2024-05-15
2024-05-16 07:00:00+00:00,43.7,73.1,,369.0,8.9,34.1,300.0,2024-05-16
2024-05-17 07:00:00+00:00,31.2,61.2,,251.0,4.1,16.5,169.0,2024-05-17
2024-05-18 07:00:00+00:00,35.7,70.8,,266.0,10.8,34.2,173.0,2024-05-18
2024-05-19 07:00:00+00:00,19.8,38.8,,176.0,4.7,15.1,118.0,2024-05-19
2024-05-20 07:00:00+00:00,21.9,44.1,,212.0,7.6,20.2,167.0,2024-05-20
2024-05-21 07:00:00+00:00,23.1,58.4,,201.0,8.6,21.7,141.0,2024-05-21
2024-05-22 07:00:00+00:00,21.6,68.7,,183.0,5.5,15.2,128.0,2024-05-22
2024-05-23 07:00:00+00:00,15.9,51.7,,138.0,2.7,8.6,90.0,2024-05-23
2024-05-24 07:00:00+00:00,23.3,61.5,,162.0,4.7,14.5,108.0,2024-05-24
2024-05-25 07:00:00+00:00,20.8,58.9,,105.0,2.3,6.5,97.0,2024-05-25
2024-05-26 07:00:00+00:00,23.1,55.5,,112.0,2.2,6.3,87.0,2024-05-26
2024-05-27 07:00:00+00:00,22.4,67.8,,117.0,3.3,6.4,71.0,2024-05-27
2024-05-28 07:00:00+00:00,26.3,83.4,,113.0,1.9,5.3,78.0,2024-05-28
2024-05-29 07:00:00+00:00,19.0,55.9,,113.0,1.7,5.0,67.0,2024-05-29
2024-05-30 07:00:00+00:00,21.1,66.1,,101.0,2.0,5.7,70.0,2024-05-30
2024-05-31 07:00:00+00:00,18.2,44.7,,133.0,3.5,10.8,84.0,2024-05-31
2024-06-01 07:00:00+00:00,15.8,36.6,,147.0,3.0,9.5,86.0,2024-06-01
2024-06-02 07:00:00+00:00,15.1,37.7,,135.0,2.3,7.4,73.0,2024-06-02
2024-06-03 07:00:00+00:00,22.2,59.6,,153.0,4.4,12.8,74.0,2024-06-03
2024-06-04 07:00:00+00:00,17.3,44.6,,133.0,2.8,8.3,72.0,2024-06-04
2024-06-05 07:00:00+00:00,10.4,24.4,,122.0,2.5,7.3,64.0,2024-06-05
2024-06-06 07:00:00+00:00,12.1,23.0,,161.0,8.0,21.0,82.0,2024-06-06
2024-06-07 07:00:00+00:00,24.9,68.5,,158.0,3.6,11.4,119.0,2024-06-07
2024-06-08 07:00:00+00:00,33.2,63.6,,243.0,7.1,26.2,174.0,2024-06-08
2024-06-09 07:00:00+00:00,18.7,46.9,,173.0,8.1,15.3,95.0,2024-06-09
2024-06-10 07:00:00+00:00,26.5,58.4,,189.0,12.9,20.2,86.0,2024-06-10
2024-06-11 07:00:00+00:00,15.7,33.8,,137.0,4.1,10.2,82.0,2024-06-11
2024-06-12 07:00:00+00:00,15.1,32.6,,141.0,3.6,10.5,63.0,2024-06-12
2024-06-13 07:00:00+00:00,8.9,18.3,,124.0,2.1,5.9,68.0,2024-06-13
2024-06-14 07:00:00+00:00,12.1,27.4,,120.0,2.1,6.0,68.0,2024-06-14
2024-06-15 07:00:00+00:00,10.1,20.1,,125.0,2.5,6.0,71.0,2024-06-15
2024-06-16 07:00:00+00:00,10.2,20.3,,121.0,2.5,7.9,72.0,2024-06-16
2024-06-17 07:00:00+00:00,18.0,54.8,,124.0,1.8,5.8,69.0,2024-06-17
2024-06-18 07:00:00+00:00,16.8,41.0,,121.0,2.4,5.0,70.0,2024-06-18
2024-06-19 07:00:00+00:00,20.2,52.5,,116.0,2.0,5.0,67.0,2024-06-19
2024-06-20 07:00:00+00:00,23.6,56.3,,116.0,3.3,5.2,63.0,2024-06-20
2024-06-21 07:00:00+00:00,22.8,63.1,,120.0,2.6,5.8,56.0,2024-06-21
2024-06-22 07:00:00+00:00,15.0,56.1,,113.0,2.4,7.1,61.0,2024-06-22
2024-06-23 07:00:00+00:00,15.5,50.2,,123.0,3.9,8.4,57.0,2024-06-23
2024-06-24 07:00:00+00:00,15.4,41.6,,129.0,3.3,8.7,74.0,2024-06-24
2024-06-25 07:00:00+00:00,10.7,17.2,,110.0,1.6,3.7,71.0,2024-06-25
2024-06-26 07:00:00+00:00,15.4,26.3,,122.0,3.3,5.5,69.0,2024-06-26
2024-06-27 07:00:00+00:00,19.5,40.6,,120.0,2.5,3.7,62.0,2024-06-27
2024-06-28 07:00:00+00:00,19.3,42.0,,112.0,2.5,4.0,60.0,2024-06-28
2024-06-29 07:00:00+00:00,15.0,30.5,,98.0,1.9,4.2,51.0,2024-06-29
2024-06-30 07:00:00+00:00,23.5,60.1,,101.0,2.4,4.2,61.0,2024-06-30
2024-07-01 07:00:00+00:00,21.0,50.1,,100.0,2.2,3.5,51.0,2024-07-01
2024-07-02 07:00:00+00:00,28.8,71.9,,128.0,4.1,7.2,66.0,2024-07-02
2024-07-03 07:00:00+00:00,18.9,45.5,,103.0,2.3,5.2,45.0,2024-07-03
2024-07-04 07:00:00+00:00,17.5,41.6,,93.0,2.1,4.4,42.0,2024-07-04
2024-07-05 07:00:00+00:00,22.6,59.4,,94.0,3.0,4.7,48.0,2024-07-05
2024-07-06 07:00:00+00:00,25.5,58.8,,93.0,2.1,4.0,56.0,2024-07-06
2024-07-07 07:00:00+00:00,25.0,70.5,,103.0,2.5,4.5,51.0,2024-07-07
2024-07-08 07:00:00+00:00,27.0,71.7,,143.0,8.2,13.7,47.0,2024-07-08
2024-07-09 07:00:00+00:00,14.7,43.3,,115.0,2.6,7.0,56.0,2024-07-09
2024-07-10 07:00:00+00:00,14.7,39.3,,118.0,2.4,6.0,58.0,2024-07-10
2024-07-11 07:00:00+00:00,16.9,40.0,,115.0,2.5,6.2,51.0,2024-07-11
2024-07-12 07:00:00+00:00,18.5,41.0,,121.0,4.3,5.9,46.0,2024-07-12
2024-07-13 07:00:00+00:00,19.6,38.5,,113.0,3.2,4.8,50.0,2024-07-13
2024-07-14 07:00:00+00:00,19.8,45.6,,119.0,5.1,6.7,50.0,2024-07-14
2024-07-15 07:00:00+00:00,20.4,59.8,,134.0,6.9,10.0,57.0,2024-07-15
2024-07-16 07:00:00+00:00,15.8,26.7,,125.0,4.5,7.8,63.0,2024-07-16
2024-07-17 07:00:00+00:00,16.8,30.0,,108.0,2.9,3.6,60.0,2024-07-17
2024-07-18 07:00:00+00:00,23.7,60.3,,110.0,2.9,3.3,56.0,2024-07-18
2024-07-19 07:00:00+00:00,20.9,37.3,,119.0,3.4,4.0,66.0,2024-07-19
2024-07-20 07:00:00+00:00,20.1,33.2,,117.0,4.0,4.1,51.0,2024-07-20
2024-07-21 07:00:00+00:00,19.0,36.6,,118.0,3.4,3.7,57.0,2024-07-21
2024-07-22 07:00:00+00:00,18.3,36.2,,123.0,3.8,4.8,63.0,2024-07-22
2024-07-23 07:00:00+00:00,17.2,35.0,,108.0,3.3,4.1,54.0,2024-07-23
2024-07-24 07:00:00+00:00,21.1,41.9,,121.0,3.4,4.3,58.0,2024-07-24
2024-07-25 07:00:00+00:00,21.4,43.5,,101.0,2.9,3.2,45.0,2024-07-25
2024-07-26 07:00:00+00:00,19.4,46.0,,101.0,3.3,4.8,44.0,2024-07-26
2024-07-27 07:00:00+00:00,20.8,49.1,,98.0,2.1,4.5,42.0,2024-07-27
2024-07-28 07:00:00+00:00,23.8,62.4,,115.0,3.6,4.7,50.0,2024-07-28
2024-07-29 07:00:00+00:00,22.3,47.1,,115.0,3.5,4.3,46.0,2024-07-29
2024-07-30 07:00:00+00:00,25.1,78.2,,120.0,3.1,6.4,51.0,2024-07-30
2024-07-31 07:00:00+00:00,21.7,62.6,,114.0,3.1,6.6,53.0,2024-07-31
2024-08-01 07:00:00+00:00,18.1,46.8,,111.0,2.5,6.2,56.0,2024-08-01
2024-08-02 07:00:00+00:00,16.1,34.1,,95.0,2.2,4.2,50.0,2024-08-02
2024-08-03 07:00:00+00:00,20.0,50.9,,108.0,3.1,3.8,49.0,2024-08-03
2024-08-04 07:00:00+00:00,18.7,39.5,,105.0,3.1,3.2,43.0,2024-08-04
2024-08-05 07:00:00+00:00,19.6,48.3,,102.0,2.1,4.3,44.0,2024-08-05
2024-08-06 07:00:00+00:00,13.6,34.0,,99.0,2.3,5.1,48.0,2024-08-06
2024-08-07 07:00:00+00:00,15.3,36.2,,105.0,2.5,7.2,50.0,2024-08-07
2024-08-08 07:00:00+00:00,14.4,37.7,,125.0,2.8,7.7,58.0,2024-08-08
2024-08-09 07:00:00+00:00,16.3,45.3,,126.0,3.3,8.3,49.0,2024-08-09
2024-08-10 07:00:00+00:00,15.5,38.9,,119.0,3.2,6.6,53.0,2024-08-10
2024-08-11 07:00:00+00:00,15.3,39.3,,108.0,2.6,6.3,49.0,2024-08-11
2024-08-12 07:00:00+00:00,16.5,36.0,,117.0,2.8,7.8,48.0,2024-08-12
2024-08-13 07:00:00+00:00,15.0,37.7,,126.0,3.0,9.1,50.0,2024-08-13
2024-08-14 07:00:00+00:00,15.8,34.8,,142.0,4.7,13.5,77.0,2024-08-14
2024-08-15 07:00:00+00:00,14.8,43.5,,138.0,3.2,9.0,70.0,2024-08-15
2024-08-16 07:00:00+00:00,16.8,49.1,,134.0,2.8,8.5,58.0,2024-08-16
2024-08-17 07:00:00+00:00,14.4,32.7,,140.0,3.7,11.3,59.0,2024-08-17
2024-08-18 07:00:00+00:00,21.1,43.7,,219.0,15.1,31.4,88.0,2024-08-18
2024-08-19 07:00:00+00:00,19.0,30.0,,253.0,14.6,28.7,113.0,2024-08-19
2024-08-20 07:00:00+00:00,22.1,42.6,,208.0,7.0,21.5,133.0,2024-08-20
2024-08-21 07:00:00+00:00,26.0,39.1,,255.0,9.6,26.4,155.0,2024-08-21
2024-08-22 07:00:00+00:00,17.2,27.4,,199.0,2.1,6.6,127.0,2024-08-22
2024-08-23 07:00:00+00:00,6.0,9.3,,133.0,3.1,6.3,53.0,2024-08-23
2024-08-24 07:00:00+00:00,18.1,34.0,,132.0,3.8,4.2,47.0,2024-08-24
2024-08-25 07:00:00+00:00,21.8,54.5,,122.0,3.0,4.7,51.0,2024-08-25
2024-08-26 07:00:00+00:00,21.2,47.0,,111.0,2.4,4.8,57.0,2024-08-26
2024-08-27 07:00:00+00:00,19.1,39.0,,101.0,1.9,3.7,45.0,2024-08-27
2024-08-28 07:00:00+00:00,17.7,39.5,,94.0,1.4,3.2,41.0,2024-08-28
2024-08-29 07:00:00+00:00,15.6,34.2,,103.0,1.5,3.8,38.0,2024-08-29
2024-08-30 07:00:00+00:00,14.8,55.5,,101.0,1.9,4.8,39.0,2024-08-30
2024-08-31 07:00:00+00:00,13.6,32.7,,118.0,3.2,10.0,47.0,2024-08-31
2024-09-01 07:00:00+00:00,13.5,34.1,,124.0,4.8,8.1,47.0,2024-09-01
2024-09-02 07:00:00+00:00,14.8,37.7,,118.0,5.7,8.4,38.0,2024-09-02
2024-09-03 07:00:00+00:00,15.9,38.6,,128.0,4.2,7.2,48.0,2024-09-03
2024-09-04 07:00:00+00:00,14.6,34.2,,124.0,2.5,6.0,57.0,2024-09-04
2024-09-05 07:00:00+00:00,19.4,44.6,,132.0,2.8,5.0,55.0,2024-09-05
2024-09-06 07:00:00+00:00,17.2,44.0,,129.0,2.6,6.0,57.0,2024-09-06
2024-09-07 07:00:00+00:00,12.2,27.3,,119.0,3.1,7.7,50.0,2024-09-07
2024-09-08 07:00:00+00:00,10.3,21.8,,121.0,2.7,7.6,47.0,2024-09-08
2024-09-09 07:00:00+00:00,10.0,18.5,,147.0,4.9,12.5,58.0,2024-09-09
2024-09-10 07:00:00+00:00,10.7,20.5,,113.0,3.1,7.2,55.0,2024-09-10
2024-09-11 07:00:00+00:00,12.1,23.6,,132.0,2.2,6.0,62.0,2024-09-11
2024-09-12 07:00:00+00:00,17.6,55.2,,118.0,1.8,6.1,58.0,2024-09-12
2024-09-13 07:00:00+00:00,17.1,63.3,,108.0,1.9,5.9,55.0,2024-09-13
2024-09-14 07:00:00+00:00,14.6,34.9,,107.0,2.5,6.4,51.0,2024-09-14
2024-09-15 07:00:00+00:00,14.1,29.7,,122.0,2.8,7.7,62.0,2024-09-15
2024-09-16 07:00:00+00:00,13.4,32.6,,146.0,3.9,11.1,56.0,2024-09-16
2024-09-17 07:00:00+00:00,24.9,68.7,,178.0,4.9,14.4,109.0,2024-09-17
2024-09-18 07:00:00+00:00,19.3,51.6,,152.0,4.3,13.6,87.0,2024-09-18
2024-09-19 07:00:00+00:00,22.8,65.9,,162.0,4.6,15.1,88.0,2024-09-19
2024-09-20 07:00:00+00:00,24.4,67.3,,161.0,4.9,13.6,102.0,2024-09-20
2024-09-21 07:00:00+00:00,19.6,46.6,,147.0,3.5,10.7,100.0,2024-09-21
2024-09-22 07:00:00+00:00,22.5,48.2,,163.0,4.1,10.7,107.0,2024-09-22
2024-09-23 07:00:00+00:00,22.1,39.7,,196.0,10.1,14.3,94.0,2024-09-23
2024-09-24 07:00:00+00:00,24.9,40.6,,216.0,12.0,13.6,87.0,2024-09-24
2024-09-25 07:00:00+00:00,13.5,22.6,,189.0,7.9,8.7,84.0,2024-09-25
2024-09-26 07:00:00+00:00,14.3,23.6,,146.0,4.9,5.4,71.0,2024-09-26
2024-09-27 07:00:00+00:00,16.7,32.5,,130.0,2.2,4.8,60.0,2024-09-27
2024-09-28 07:00:00+00:00,11.0,21.9,,143.0,2.9,7.5,54.0,2024-09-28
2024-09-29 07:00:00+00:00,9.3,17.8,,139.0,2.4,7.3,60.0,2024-09-29
2024-09-30 07:00:00+00:00,20.4,35.0,,240.0,10.1,30.0,134.0,2024-09-30
2024-10-01 07:00:00+00:00,56.9,86.4,,447.0,8.4,52.5,280.0,2024-10-01
2024-10-02 07:00:00+00:00,52.7,87.5,,343.0,7.2,40.3,240.0,2024-10-02
2024-10-03 07:00:00+00:00,18.9,34.7,,168.0,4.6,13.4,97.0,2024-10-03
2024-10-04 07:00:00+00:00,14.2,25.3,,186.0,8.3,21.2,76.0,2024-10-04
2024-10-05 07:00:00+00:00,23.1,37.8,,243.0,13.4,39.7,121.0,2024-10-05
2024-10-06 07:00:00+00:00,27.6,43.9,,256.0,7.9,27.1,181.0,2024-10-06
2024-10-07 07:00:00+00:00,61.0,93.8,,463.0,9.5,38.2,295.0,2024-10-07
2024-10-08 07:00:00+00:00,56.7,95.5,,419.0,4.4,27.4,215.0,2024-10-08
2024-10-09 07:00:00+00:00,52.4,83.1,,369.0,16.0,35.6,125.0,2024-10-09
2024-10-10 07:00:00+00:00,36.1,51.7,,366.0,15.8,36.6,130.0,2024-10-10
2024-10-11 07:00:00+00:00,20.7,29.8,,277.0,6.6,22.2,154.0,2024-10-11
2024-10-12 07:00:00+00:00,25.6,37.0,,305.0,8.7,30.1,165.0,2024-10-12
2024-10-13 07:00:00+00:00,34.8,50.4,,348.0,9.3,47.6,197.0,2024-10-13
2024-10-14 07:00:00+00:00,25.9,37.5,,311.0,10.1,40.0,166.0,2024-10-14
2024-10-15 07:00:00+00:00,30.2,43.1,,362.0,12.2,46.2,227.0,2024-10-15
2024-10-16 07:00:00+00:00,46.1,66.4,,421.0,13.3,53.9,216.0,2024-10-16
2024-10-17 07:00:00+00:00,41.0,58.7,,407.0,16.2,41.4,131.0,2024-10-17
2024-10-18 07:00:00+00:00,24.0,36.7,,276.0,6.4,17.2,107.0,2024-10-18
2024-10-19 07:00:00+00:00,10.7,16.1,,215.0,3.7,10.9,117.0,2024-10-19
2024-10-20 07:00:00+00:00,14.4,22.0,,219.0,6.9,20.6,96.0,2024-10-20
2024-10-21 07:00:00+00:00,26.7,38.2,,339.0,11.4,39.3,192.0,2024-10-21
2024-10-22 07:00:00+00:00,27.2,39.2,,331.0,14.1,44.6,193.0,2024-10-22
2024-10-23 07:00:00+00:00,43.1,61.9,,390.0,15.2,51.0,247.0,2024-10-23
2024-10-24 07:00:00+00:00,66.1,102.2,,515.0,11.6,42.7,307.0,2024-10-24
2024-10-25 07:00:00+00:00,77.1,125.3,,541.0,11.5,53.5,305.0,2024-10-25
2024-10-26 07:00:00+00:00,70.8,115.9,482.0,863.0,10.4,58.4,326.0,2024-10-26
2024-10-27 07:00:00+00:00,88.7,157.9,473.0,807.0,10.9,73.7,344.0,2024-10-27
2024-10-28 07:00:00+00:00,66.1,121.5,473.0,797.0,9.9,59.1,262.0,2024-10-28
2024-10-29 07:00:00+00:00,52.9,104.8,466.0,530.0,10.5,52.6,222.0,2024-10-29
2024-10-30 07:00:00+00:00,60.5,112.2,467.0,662.0,12.9,69.6,298.0,2024-10-30
2024-10-31 07:00:00+00:00,71.2,126.2,484.0,738.0,11.4,70.9,297.0,2024-10-31
2024-11-01 07:00:00+00:00,55.1,92.0,471.0,581.0,7.0,32.2,215.0,2024-11-01
2024-11-02 07:00:00+00:00,75.4,120.1,476.0,770.0,10.7,65.6,319.0,2024-11-02
2024-11-03 07:00:00+00:00,60.1,92.7,456.0,473.0,12.7,43.2,292.0,2024-11-03
2024-11-04 07:00:00+00:00,57.4,92.4,461.0,553.0,11.5,34.5,228.0,2024-11-04
2024-11-05 07:00:00+00:00,58.9,98.5,482.0,763.0,9.0,28.1,213.0,2024-11-05
2024-11-06 07:00:00+00:00,68.2,115.9,469.0,678.0,13.8,41.2,284.0,2024-11-06
2024-11-07 07:00:00+00:00,61.7,106.9,468.0,632.0,13.4,36.1,266.0,2024-11-07
2024-11-08 07:00:00+00:00,71.0,117.3,463.0,627.0,9.3,30.1,221.0,2024-11-08
2024-11-09 07:00:00+00:00,64.7,109.2,462.0,601.0,11.3,31.2,219.0,2024-11-09
2024-11-10 07:00:00+00:00,70.8,118.7,462.0,617.0,12.9,31.1,219.0,2024-11-10
2024-11-11 07:00:00+00:00,76.1,128.1,450.0,420.0,10.0,28.3,201.0,2024-11-11
2024-11-12 07:00:00+00:00,60.1,96.9,452.0,465.0,9.2,29.4,209.0,2024-11-12
2024-11-13 07:00:00+00:00,54.7,55.8,459.0,521.0,10.8,21.9,218.0,2024-11-13
2024-11-14 07:00:00+00:00,54.6,54.9,459.0,560.0,15.2,26.3,235.0,2024-11-14
2024-11-15 07:00:00+00:00,47.8,48.5,457.0,454.0,6.0,19.8,187.0,2024-11-15
2024-11-16 07:00:00+00:00,93.1,93.8,475.0,645.0,14.9,46.5,294.0,2024-11-16
2024-11-17 07:00:00+00:00,65.0,65.9,458.0,516.0,14.8,26.9,232.0,2024-11-17
2024-11-18 07:00:00+00:00,49.1,50.4,459.0,539.0,10.1,22.8,207.0,2024-11-18
2024-11-19 07:00:00+00:00,54.8,56.2,459.0,534.0,9.2,26.4,216.0,2024-11-19
2024-11-20 07:00:00+00:00,53.1,54.6,457.0,477.0,7.1,28.8,194.0,2024-11-20
2024-11-21 07:00:00+00:00,54.5,56.7,460.0,521.0,10.7,27.0,201.0,2024-11-21
2024-11-22 07:00:00+00:00,80.3,82.7,468.0,654.0,15.8,36.8,256.0,2024-11-22
2024-11-23 07:00:00+00:00,86.8,88.7,467.0,643.0,14.7,37.3,238.0,2024-11-23
2024-11-24 07:00:00+00:00,105.2,107.8,471.0,722.0,16.3,44.5,259.0,2024-11-24
2024-11-25 07:00:00+00:00,77.5,84.5,465.0,603.0,10.1,27.6,201.0,2024-11-25
2024-11-26 07:00:00+00:00,60.1,63.6,462.0,544.0,10.4,29.0,214.0,2024-11-26
2024-11-27 07:00:00+00:00,50.6,53.9,455.0,433.0,11.5,27.2,203.0,2024-11-27
2024-11-28 07:00:00+00:00,46.8,51.0,458.0,442.0,9.9,22.4,191.0,2024-11-28
2024-11-29 07:00:00+00:00,33.3,35.7,456.0,426.0,9.8,21.9,169.0,2024-11-29
2024-11-30 07:00:00+00:00,59.4,61.9,462.0,591.0,16.7,34.1,213.0,2024-11-30
2024-12-01 07:00:00+00:00,77.3,79.2,468.0,650.0,19.4,30.1,215.0,2024-12-01
2024-12-02 07:00:00+00:00,57.5,57.9,484.0,884.0,22.6,26.8,191.0,2024-12-02
2024-12-03 07:00:00+00:00,51.1,51.5,461.0,506.0,28.0,23.7,171.0,2024-12-03
2024-12-04 07:00:00+00:00,51.8,52.0,455.0,385.0,19.2,24.4,167.0,2024-12-04
2024-12-05 07:00:00+00:00,58.7,59.0,462.0,573.0,27.4,32.1,209.0,2024-12-05
2024-12-06 07:00:00+00:00,49.9,50.4,479.0,506.0,17.9,31.6,197.0,2024-12-06
2024-12-07 07:00:00+00:00,43.9,44.8,460.0,401.0,13.1,37.1,193.0,2024-12-07
2024-12-08 07:00:00+00:00,41.3,43.1,454.0,303.0,10.9,46.5,173.0,2024-12-08
2024-12-09 07:00:00+00:00,23.8,25.0,450.0,299.0,10.1,28.6,164.0,2024-12-09
2024-12-10 07:00:00+00:00,47.8,49.6,467.0,579.0,18.8,32.6,190.0,2024-12-10
2024-12-11 07:00:00+00:00,55.2,55.6,465.0,608.0,15.3,25.6,196.0,2024-12-11
2024-12-12 07:00:00+00:00,53.9,54.4,478.0,614.0,20.8,35.7,208.0,2024-12-12
2024-12-13 07:00:00+00:00,39.0,39.6,464.0,490.0,13.7,24.3,178.0,2024-12-13
2024-12-14 07:00:00+00:00,53.6,54.4,463.0,574.0,14.8,26.8,193.0,2024-12-14
2024-12-15 07:00:00+00:00,42.8,43.4,468.0,684.0,19.1,28.0,192.0,2024-12-15
2024-12-16 07:00:00+00:00,29.9,30.2,469.0,725.0,20.1,29.9,173.0,2024-12-16
2024-12-17 07:00:00+00:00,48.1,48.5,472.0,681.0,26.0,43.0,216.0,2024-12-17
2024-12-18 07:00:00+00:00,61.9,62.9,480.0,888.0,23.3,34.7,211.0,2024-12-18
2024-12-19 07:00:00+00:00,85.0,86.6,486.0,841.0,22.0,64.4,253.0,2024-12-19
2024-12-20 07:00:00+00:00,82.4,84.5,465.0,472.0,14.7,67.1,218.0,2024-12-20
2024-12-21 07:00:00+00:00,66.8,69.2,482.0,798.0,9.3,36.3,180.0,2024-12-21
2024-12-22 07:00:00+00:00,42.3,45.2,465.0,496.0,5.9,8.1,124.0,2024-12-22
2024-12-23 07:00:00+00:00,61.2,64.5,451.0,361.0,9.0,40.2,155.0,2024-12-23
2024-12-24 07:00:00+00:00,103.1,104.8,472.0,691.0,13.1,46.3,185.0,2024-12-24
2024-12-25 07:00:00+00:00,100.4,102.0,472.0,693.0,15.3,39.0,201.0,2024-12-25
2024-12-26 07:00:00+00:00,114.1,116.2,483.0,810.0,18.5,65.9,180.0,2024-12-26
2024-12-27 07:00:00+00:00,123.9,126.7,466.0,480.0,14.5,47.7,214.0,2024-12-27
2024-12-28 07:00:00+00:00,87.5,88.5,472.0,625.0,17.3,45.5,188.0,2024-12-28
2024-12-29 07:00:00+00:00,88.0,88.9,483.0,662.0,17.4,28.6,208.0,2024-12-29
2024-12-30 07:00:00+00:00,71.9,72.4,484.0,774.0,25.2,29.9,190.0,2024-12-30
2024-12-31 07:00:00+00:00,74.7,75.2,491.0,876.0,29.9,27.3,223.0,2024-12-31
2025-01-01 07:00:00+00:00,75.0,76.1,490.0,852.0,26.5,27.4,208.0,2025-01-01
2025-01-02 07:00:00+00:00,70.5,70.8,492.0,867.0,28.0,31.2,209.0,2025-01-02
2025-01-03 07:00:00+00:00,44.9,45.6,463.0,569.0,21.2,22.6,191.0,2025-01-03
2025-01-04 07:00:00+00:00,41.8,42.3,471.0,666.0,29.8,31.3,174.0,2025-01-04
2025-01-05 07:00:00+00:00,50.9,51.5,480.0,681.0,20.5,45.5,182.0,2025-01-05
2025-01-06 07:00:00+00:00,55.4,57.0,463.0,563.0,12.1,43.5,185.0,2025-01-06
2025-01-07 07:00:00+00:00,55.2,55.6,476.0,677.0,16.9,32.0,194.0,2025-01-07
2025-01-08 07:00:00+00:00,61.5,62.2,473.0,747.0,20.0,26.4,192.0,2025-01-08
2025-01-09 07:00:00+00:00,49.2,49.8,469.0,666.0,15.8,25.0,169.0,2025-01-09
2025-01-10 07:00:00+00:00,70.1,70.8,477.0,778.0,24.4,27.8,199.0,2025-01-10
2025-01-11 07:00:00+00:00,74.0,76.8,464.0,407.0,13.2,44.8,202.0,2025-01-11
2025-01-12 07:00:00+00:00,76.6,77.8,478.0,718.0,15.1,50.2,185.0,2025-01-12
2025-01-13 07:00:00+00:00,93.8,94.5,465.0,551.0,17.2,25.5,177.0,2025-01-13
2025-01-14 07:00:00+00:00,73.1,73.6,469.0,665.0,20.2,19.4,167.0,2025-01-14
2025-01-15 07:00:00+00:00,86.4,87.8,476.0,701.0,23.5,51.0,194.0,2025-01-15
2025-01-16 07:00:00+00:00,81.0,81.5,464.0,588.0,14.4,37.5,173.0,2025-01-16
2025-01-17 07:00:00+00:00,67.8,69.2,475.0,700.0,16.0,23.4,165.0,2025-01-17
2025-01-18 07:00:00+00:00,66.4,67.1,462.0,526.0,16.6,28.1,175.0,2025-01-18
2025-01-19 07:00:00+00:00,74.5,75.0,478.0,790.0,23.4,31.8,207.0,2025-01-19
2025-01-20 07:00:00+00:00,69.8,70.3,492.0,878.0,31.1,32.4,209.0,2025-01-20
2025-01-21 07:00:00+00:00,78.9,79.4,485.0,785.0,21.0,45.8,214.0,2025-01-21
2025-01-22 07:00:00+00:00,69.6,70.5,483.0,588.0,18.4,42.0,208.0,2025-01-22
2025-01-23 07:00:00+00:00,51.5,54.1,456.0,430.0,15.5,33.5,158.0,2025-01-23
2025-01-24 07:00:00+00:00,58.4,59.0,475.0,688.0,18.2,28.9,209.0,2025-01-24
2025-01-25 07:00:00+00:00,91.5,92.0,504.0,936.0,32.0,41.5,252.0,2025-01-25
2025-01-26 07:00:00+00:00,73.1,73.3,501.0,958.0,25.0,28.3,254.0,2025-01-26
2025-01-27 07:00:00+00:00,69.6,70.1,483.0,780.0,21.9,35.2,239.0,2025-01-27
2025-01-28 07:00:00+00:00,68.0,69.2,479.0,697.0,18.5,55.1,207.0,2025-01-28
2025-01-29 07:00:00+00:00,74.7,75.0,463.0,419.0,22.8,57.7,242.0,2025-01-29
2025-01-30 07:00:00+00:00,72.9,73.1,484.0,750.0,18.6,49.8,225.0,2025-01-30
2025-01-31 07:00:00+00:00,39.3,55.5,450.0,307.0,18.5,36.4,157.0,2025-01-31
2025-02-01 07:00:00+00:00,37.8,63.3,458.0,430.0,12.4,28.3,158.0,2025-02-01
2025-02-02 07:00:00+00:00,51.8,60.3,463.0,444.0,25.4,51.4,159.0,2025-02-02
2025-02-03 07:00:00+00:00,48.0,61.0,451.0,331.0,10.9,33.6,167.0,2025-02-03
2025-02-04 07:00:00+00:00,44.8,56.7,445.0,278.0,8.2,23.4,162.0,2025-02-04
2025-02-05 07:00:00+00:00,34.6,40.9,454.0,402.0,10.6,27.1,178.0,2025-02-05
2025-02-06 07:00:00+00:00,42.1,44.0,470.0,516.0,19.4,27.2,192.0,2025-02-06
2025-02-07 07:00:00+00:00,87.5,88.2,490.0,759.0,39.0,38.8,225.0,2025-02-07
2025-02-08 07:00:00+00:00,106.6,107.6,510.0,1248.0,36.9,58.1,252.0,2025-02-08
2025-02-09 07:00:00+00:00,81.7,82.4,475.0,630.0,24.0,36.8,229.0,2025-02-09
2025-02-10 07:00:00+00:00,67.5,68.5,469.0,636.0,20.9,38.3,231.0,2025-02-10
2025-02-11 07:00:00+00:00,62.6,63.6,471.0,574.0,18.1,40.0,234.0,2025-02-11
2025-02-12 07:00:00+00:00,40.2,40.6,468.0,509.0,15.1,30.8,195.0,2025-02-12
2025-02-13 07:00:00+00:00,41.9,53.3,464.0,529.0,17.5,21.2,202.0,2025-02-13
2025-02-14 07:00:00+00:00,44.1,50.6,470.0,598.0,21.8,22.3,218.0,2025-02-14
2025-02-15 07:00:00+00:00,49.0,55.4,476.0,733.0,20.6,27.0,235.0,2025-02-15
2025-02-16 07:00:00+00:00,53.4,64.0,471.0,601.0,25.7,28.9,219.0,2025-02-16
2025-02-17 07:00:00+00:00,44.0,61.9,461.0,349.0,18.5,25.8,211.0,2025-02-17
2025-02-18 07:00:00+00:00,53.6,65.2,463.0,524.0,20.3,33.3,231.0,2025-02-18
2025-02-19 07:00:00+00:00,45.2,59.4,460.0,419.0,15.0,31.2,201.0,2025-02-19
2025-02-20 07:00:00+00:00,46.6,61.5,466.0,550.0,17.7,28.0,217.0,2025-02-20
2025-02-21 07:00:00+00:00,39.8,61.2,458.0,430.0,18.3,23.1,201.0,2025-02-21
2025-02-22 07:00:00+00:00,56.8,73.6,474.0,726.0,27.1,24.3,219.0,2025-02-22
2025-02-23 07:00:00+00:00,51.9,63.1,475.0,694.0,25.3,26.1,241.0,2025-02-23
2025-02-24 07:00:00+00:00,51.6,66.1,468.0,689.0,22.0,24.3,250.0,2025-02-24
2025-02-25 07:00:00+00:00,56.3,89.6,475.0,761.0,21.5,24.1,236.0,2025-02-25
2025-02-26 07:00:00+00:00,69.2,87.5,483.0,909.0,19.1,32.3,257.0,2025-02-26
2025-02-27 07:00:00+00:00,87.3,96.6,497.0,1029.0,20.8,34.9,291.0,2025-02-27
2025-02-28 07:00:00+00:00,89.9,99.4,474.0,581.0,21.0,55.6,290.0,2025-02-28
2025-03-01 07:00:00+00:00,44.2,60.8,458.0,301.0,17.0,31.3,189.0,2025-03-01
2025-03-02 07:00:00+00:00,48.3,62.9,460.0,333.0,18.7,39.9,192.0,2025-03-02
2025-03-03 07:00:00+00:00,49.8,82.0,463.0,409.0,15.9,27.0,201.0,2025-03-03
2025-03-04 07:00:00+00:00,38.9,56.3,457.0,289.0,18.3,29.4,170.0,2025-03-04
2025-03-05 07:00:00+00:00,43.2,65.7,463.0,385.0,12.1,20.3,214.0,2025-03-05
2025-03-06 07:00:00+00:00,41.7,44.4,468.0,647.0,17.8,26.3,239.0,2025-03-06
2025-03-07 07:00:00+00:00,38.0,38.6,465.0,547.0,14.6,21.2,266.0,2025-03-07
2025-03-08 07:00:00+00:00,64.0,70.3,480.0,767.0,20.8,39.4,281.0,2025-03-08
2025-03-09 07:00:00+00:00,60.1,72.6,462.0,436.0,21.4,38.9,265.0,2025-03-09
2025-03-10 07:00:00+00:00,66.4,70.5,482.0,888.0,17.7,25.9,299.0,2025-03-10
2025-03-11 07:00:00+00:00,81.7,84.8,509.0,1010.0,11.0,25.9,293.0,2025-03-11
2025-03-12 07:00:00+00:00,109.9,113.6,484.0,829.0,27.3,53.7,341.0,2025-03-12
2025-03-13 07:00:00+00:00,80.3,85.7,486.0,749.0,14.8,35.4,238.0,2025-03-13
2025-03-14 07:00:00+00:00,54.7,64.7,446.0,194.0,20.1,43.0,192.0,2025-03-14
2025-03-15 07:00:00+00:00,41.1,50.4,460.0,441.0,19.3,32.8,203.0,2025-03-15
2025-03-16 07:00:00+00:00,32.9,50.6,455.0,289.0,10.5,29.5,173.0,2025-03-16
2025-03-17 07:00:00+00:00,37.4,56.9,458.0,299.0,9.5,30.2,198.0,2025-03-17
2025-03-18 07:00:00+00:00,38.2,63.3,450.0,224.0,8.5,31.3,200.0,2025-03-18
2025-03-19 07:00:00+00:00,39.6,54.6,457.0,326.0,13.0,39.8,200.0,2025-03-19
2025-03-20 07:00:00+00:00,36.6,45.1,461.0,403.0,13.2,29.6,215.0,2025-03-20
2025-03-21 07:00:00+00:00,32.4,70.5,452.0,202.0,6.9,24.5,154.0,2025-03-21
2025-03-22 07:00:00+00:00,35.0,50.3,454.0,325.0,16.6,40.4,184.0,2025-03-22
2025-03-23 07:00:00+00:00,53.1,70.8,464.0,506.0,16.1,51.3,225.0,2025-03-23
2025-03-24 07:00:00+00:00,38.8,56.1,455.0,326.0,13.5,34.0,166.0,2025-03-24
2025-03-25 07:00:00+00:00,31.2,39.7,452.0,228.0,5.8,24.1,182.0,2025-03-25
2025-03-26 07:00:00+00:00,22.9,29.3,446.0,190.0,6.6,24.5,135.0,2025-03-26
2025-03-27 07:00:00+00:00,25.3,33.5,444.0,154.0,4.4,27.8,141.0,2025-03-27
2025-03-28 07:00:00+00:00,40.9,67.3,450.0,241.0,8.4,33.6,189.0,2025-03-28
2025-03-29 07:00:00+00:00,41.8,61.2,461.0,386.0,12.4,26.9,249.0,2025-03-29
2025-03-30 07:00:00+00:00,52.2,59.4,470.0,512.0,15.2,42.0,259.0,2025-03-30
2025-03-31 07:00:00+00:00,49.8,58.1,460.0,359.0,20.9,42.3,229.0,2025-03-31
2025-04-01 07:00:00+00:00,45.2,52.7,455.0,313.0,18.1,37.8,221.0,2025-04-01
2025-04-02 07:00:00+00:00,109.7,120.6,480.0,787.0,10.5,15.8,232.0,2025-04-02
2025-04-03 07:00:00+00:00,35.5,41.9,455.0,274.0,3.2,6.8,140.0,2025-04-03
2025-04-04 07:00:00+00:00,42.5,46.1,454.0,299.0,12.4,38.7,180.0,2025-04-04
2025-04-05 07:00:00+00:00,49.5,58.0,450.0,227.0,15.0,30.2,238.0,2025-04-05
2025-04-06 07:00:00+00:00,36.2,45.6,466.0,394.0,17.7,26.4,169.0,2025-04-06
2025-04-07 07:00:00+00:00,48.4,57.7,470.0,423.0,24.3,35.5,217.0,2025-04-07
2025-04-08 07:00:00+00:00,49.1,61.0,454.0,301.0,21.4,35.8,232.0,2025-04-08
2025-04-09 07:00:00+00:00,31.2,52.0,468.0,405.0,4.5,11.5,147.0,2025-04-09
2025-04-10 07:00:00+00:00,22.9,38.0,449.0,238.0,2.3,5.3,122.0,2025-04-10
2025-04-11 07:00:00+00:00,23.1,44.8,450.0,218.0,2.8,6.3,113.0,2025-04-11
2025-04-12 07:00:00+00:00,20.5,60.5,448.0,184.0,2.0,4.1,106.0,2025-04-12
2025-04-13 07:00:00+00:00,47.7,88.2,449.0,222.0,10.6,47.1,174.0,2025-04-13
2025-04-14 07:00:00+00:00,36.0,59.8,454.0,220.0,8.6,26.3,184.0,2025-04-14
2025-04-15 07:00:00+00:00,29.3,41.6,451.0,205.0,6.4,23.7,170.0,2025-04-15
2025-04-16 07:00:00+00:00,34.6,47.8,448.0,179.0,7.1,31.8,158.0,2025-04-16
2025-04-17 07:00:00+00:00,25.7,44.1,447.0,169.0,3.7,15.1,110.0,2025-04-17
2025-04-18 07:00:00+00:00,25.0,45.8,445.0,170.0,4.3,15.9,107.0,2025-04-18
2025-04-19 07:00:00+00:00,19.6,34.7,446.0,180.0,3.1,7.5,107.0,2025-04-19
2025-04-20 07:00:00+00:00,51.8,136.4,454.0,259.0,10.2,33.4,147.0,2025-04-20
2025-04-21 07:00:00+00:00,45.6,94.1,449.0,209.0,8.9,33.5,163.0,2025-04-21
2025-04-22 07:00:00+00:00,51.8,110.8,451.0,184.0,12.0,34.5,181.0,2025-04-22
2025-04-23 07:00:00+00:00,36.7,78.9,454.0,252.0,5.1,15.0,136.0,2025-04-23
2025-04-24 07:00:00+00:00,28.4,53.4,447.0,178.0,3.5,10.5,130.0,2025-04-24
2025-04-25 07:00:00+00:00,32.5,72.2,446.0,174.0,5.0,19.9,131.0,2025-04-25
2025-04-26 07:00:00+00:00,29.9,56.3,446.0,175.0,4.2,19.9,135.0,2025-04-26
2025-04-27 07:00:00+00:00,37.3,64.7,454.0,289.0,11.4,30.8,129.0,2025-04-27
2025-04-28 07:00:00+00:00,25.1,74.0,447.0,173.0,2.7,6.5,106.0,2025-04-28
2025-04-29 07:00:00+00:00,27.8,80.8,446.0,159.0,2.4,5.4,96.0,2025-04-29
2025-04-30 07:00:00+00:00,21.4,35.5,446.0,162.0,3.1,8.8,105.0,2025-04-30
2025-05-01 07:00:00+00:00,26.6,38.6,447.0,160.0,4.1,20.5,121.0,2025-05-01
2025-05-02 07:00:00+00:00,33.8,50.1,449.0,169.0,6.1,29.2,151.0,2025-05-02
2025-05-03 07:00:00+00:00,22.3,34.3,445.0,149.0,3.3,10.8,114.0,2025-05-03
2025-05-04 07:00:00+00:00,17.9,29.8,447.0,160.0,2.1,7.0,102.0,2025-05-04
2025-05-05 07:00:00+00:00,26.0,45.5,447.0,171.0,3.7,14.9,108.0,2025-05-05
2025-05-06 07:00:00+00:00,17.2,28.2,449.0,169.0,2.2,6.9,100.0,2025-05-06
2025-05-07 07:00:00+00:00,20.4,42.5,450.0,180.0,4.4,8.2,93.0,2025-05-07
2025-05-08 07:00:00+00:00,6.4,10.2,448.0,159.0,2.5,4.3,82.0,2025-05-08
2025-05-09 07:00:00+00:00,6.9,12.5,447.0,151.0,2.1,3.9,87.0,2025-05-09
2025-05-10 07:00:00+00:00,9.0,14.3,452.0,198.0,1.9,4.1,89.0,2025-05-10
2025-05-11 07:00:00+00:00,13.8,24.9,452.0,231.0,3.0,6.0,84.0,2025-05-11
2025-05-12 07:00:00+00:00,10.8,18.7,451.0,194.0,2.2,4.6,85.0,2025-05-12
2025-05-13 07:00:00+00:00,18.7,24.0,449.0,157.0,4.8,21.0,105.0,2025-05-13
2025-05-14 07:00:00+00:00,33.5,48.0,454.0,215.0,7.5,27.6,110.0,2025-05-14
2025-05-15 07:00:00+00:00,30.6,54.6,446.0,148.0,3.3,20.1,119.0,2025-05-15
2025-05-16 07:00:00+00:00,21.0,41.3,446.0,150.0,2.1,5.5,90.0,2025-05-16
2025-05-17 07:00:00+00:00,17.4,35.2,446.0,145.0,2.9,7.4,88.0,2025-05-17
2025-05-18 07:00:00+00:00,19.4,41.1,446.0,161.0,2.5,7.2,92.0,2025-05-18
2025-05-19 07:00:00+00:00,35.2,55.5,446.0,166.0,5.0,32.7,130.0,2025-05-19
2025-05-20 07:00:00+00:00,38.5,65.7,446.0,157.0,6.4,28.1,129.0,2025-05-20
2025-05-21 07:00:00+00:00,47.4,57.3,449.0,197.0,16.8,39.8,174.0,2025-05-21
2025-05-22 07:00:00+00:00,61.7,69.8,460.0,291.0,23.0,49.5,203.0,2025-05-22
2025-05-23 07:00:00+00:00,49.9,52.4,469.0,389.0,9.4,34.2,249.0,2025-05-23
2025-05-24 07:00:00+00:00,41.8,52.7,464.0,327.0,8.3,28.4,200.0,2025-05-24
2025-05-25 07:00:00+00:00,23.5,37.7,454.0,289.0,10.3,20.8,91.0,2025-05-25
2025-05-26 07:00:00+00:00,33.6,64.5,459.0,332.0,10.5,10.5,68.0,2025-05-26
2025-05-27 07:00:00+00:00,42.3,85.9,458.0,448.0,6.3,17.9,81.0,2025-05-27
2025-05-28 07:00:00+00:00,27.5,57.3,446.0,152.0,4.3,10.6,77.0,2025-05-28
2025-05-29 07:00:00+00:00,37.5,70.5,443.0,125.0,5.3,18.9,92.0,2025-05-29
2025-05-30 07:00:00+00:00,27.6,78.9,443.0,130.0,2.3,5.3,76.0,2025-05-30
2025-05-31 07:00:00+00:00,18.3,44.8,440.0,110.0,1.9,4.4,63.0,2025-05-31
2025-06-01 07:00:00+00:00,12.6,28.6,441.0,127.0,2.1,3.7,66.0,2025-06-01
2025-06-02 07:00:00+00:00,20.8,56.5,441.0,115.0,1.9,4.1,70.0,2025-06-02
2025-06-03 07:00:00+00:00,18.5,50.3,441.0,147.0,2.0,3.8,70.0,2025-06-03
2025-06-04 07:00:00+00:00,14.1,34.7,442.0,156.0,2.2,4.3,85.0,2025-06-04
2025-06-05 07:00:00+00:00,46.1,120.1,449.0,203.0,6.1,22.5,101.0,2025-06-05
2025-06-06 07:00:00+00:00,34.5,80.3,444.0,169.0,3.7,17.2,106.0,2025-06-06
2025-06-07 07:00:00+00:00,20.0,40.2,443.0,130.0,4.6,10.8,89.0,2025-06-07
2025-06-08 07:00:00+00:00,27.2,70.8,444.0,118.0,2.7,12.6,96.0,2025-06-08
2025-06-09 07:00:00+00:00,24.6,66.8,442.0,108.0,2.3,11.6,82.0,2025-06-09
2025-06-10 07:00:00+00:00,20.3,46.0,441.0,112.0,2.9,14.9,78.0,2025-06-10
2025-06-11 07:00:00+00:00,19.7,33.8,441.0,125.0,2.9,14.8,89.0,2025-06-11
2025-06-12 07:00:00+00:00,18.6,28.9,441.0,126.0,4.9,12.4,87.0,2025-06-12
2025-06-13 07:00:00+00:00,26.1,56.0,442.0,122.0,5.2,16.0,98.0,2025-06-13
2025-06-14 07:00:00+00:00,39.3,74.5,444.0,172.0,7.1,27.2,144.0,2025-06-14
2025-06-15 07:00:00+00:00,31.3,47.4,445.0,182.0,17.4,44.2,110.0,2025-06-15
2025-06-16 07:00:00+00:00,16.6,41.9,442.0,131.0,5.9,6.2,68.0,2025-06-16
2025-06-17 07:00:00+00:00,15.2,34.0,439.0,119.0,2.1,3.8,65.0,2025-06-17
2025-06-18 07:00:00+00:00,13.5,27.0,441.0,128.0,2.5,3.7,64.0,2025-06-18
2025-06-19 07:00:00+00:00,16.2,30.5,441.0,127.0,4.6,5.0,70.0,2025-06-19
2025-06-20 07:00:00+00:00,14.2,31.4,439.0,122.0,2.5,4.3,64.0,2025-06-20
2025-06-21 07:00:00+00:00,14.1,27.8,439.0,111.0,2.3,4.4,59.0,2025-06-21
2025-06-22 07:00:00+00:00,16.8,35.5,439.0,110.0,2.0,4.1,61.0,2025-06-22
2025-06-23 07:00:00+00:00,19.1,41.4,440.0,114.0,3.0,4.7,66.0,2025-06-23
2025-06-24 07:00:00+00:00,17.6,39.1,440.0,125.0,5.0,6.1,48.0,2025-06-24
2025-06-25 07:00:00+00:00,16.6,36.4,439.0,125.0,2.8,5.0,57.0,2025-06-25
2025-06-26 07:00:00+00:00,16.4,43.8,440.0,129.0,3.4,5.2,57.0,2025-06-26
2025-06-27 07:00:00+00:00,14.4,32.5,440.0,115.0,2.7,3.8,61.0,2025-06-27
2025-06-28 07:00:00+00:00,15.0,36.1,439.0,117.0,2.3,3.9,60.0,2025-06-28
2025-06-29 07:00:00+00:00,19.2,51.8,440.0,121.0,2.7,4.7,65.0,2025-06-29
2025-06-30 07:00:00+00:00,14.7,29.5,440.0,114.0,3.0,4.8,59.0,2025-06-30
2025-07-01 07:00:00+00:00,16.3,39.6,439.0,114.0,4.2,6.1,56.0,2025-07-01
2025-07-02 07:00:00+00:00,18.2,42.7,440.0,117.0,3.5,4.6,56.0,2025-07-02
2025-07-03 07:00:00+00:00,15.6,33.9,440.0,116.0,3.4,4.8,52.0,2025-07-03
2025-07-04 07:00:00+00:00,14.5,31.2,439.0,109.0,2.4,4.0,59.0,2025-07-04
2025-07-05 07:00:00+00:00,13.7,30.3,441.0,119.0,2.9,3.8,63.0,2025-07-05
2025-07-06 07:00:00+00:00,15.1,30.2,439.0,114.0,2.3,4.1,63.0,2025-07-06
2025-07-07 07:00:00+00:00,19.2,38.8,439.0,110.0,2.7,5.1,64.0,2025-07-07
2025-07-08 07:00:00+00:00,21.2,53.3,439.0,113.0,3.5,5.3,56.0,2025-07-08
2025-07-09 07:00:00+00:00,25.7,71.0,439.0,126.0,2.9,6.0,62.0,2025-07-09
2025-07-10 07:00:00+00:00,22.0,49.8,439.0,114.0,3.1,7.1,54.0,2025-07-10
2025-07-11 07:00:00+00:00,24.8,61.5,441.0,165.0,4.9,9.5,58.0,2025-07-11
2025-07-12 07:00:00+00:00,19.7,44.5,440.0,121.0,3.1,7.2,63.0,2025-07-12
2025-07-13 07:00:00+00:00,16.4,37.5,440.0,128.0,3.7,6.4,59.0,2025-07-13
2025-07-14 07:00:00+00:00,12.4,27.3,440.0,116.0,3.0,5.0,60.0,2025-07-14
2025-07-15 07:00:00+00:00,18.3,39.0,440.0,121.0,3.6,8.9,68.0,2025-07-15
2025-07-16 07:00:00+00:00,20.7,47.7,439.0,116.0,3.0,7.9,61.0,2025-07-16
2025-07-17 07:00:00+00:00,25.7,62.2,440.0,128.0,4.4,12.2,68.0,2025-07-17
2025-07-18 07:00:00+00:00,19.8,46.7,440.0,113.0,3.1,8.6,61.0,2025-07-18
2025-07-19 07:00:00+00:00,17.5,38.2,440.0,121.0,3.8,8.0,59.0,2025-07-19
2025-07-20 07:00:00+00:00,15.5,31.1,440.0,124.0,2.8,6.7,65.0,2025-07-20
2025-07-21 07:00:00+00:00,17.7,35.4,440.0,135.0,3.9,7.9,66.0,2025-07-21
2025-07-22 07:00:00+00:00,16.4,29.8,440.0,126.0,3.9,8.3,68.0,2025-07-22
2025-07-23 07:00:00+00:00,16.8,33.4,440.0,124.0,5.2,5.9,58.0,2025-07-23
2025-07-24 07:00:00+00:00,14.7,29.3,440.0,125.0,3.2,6.0,64.0,2025-07-24
2025-07-25 07:00:00+00:00,14.8,29.2,440.0,120.0,4.0,4.9,59.0,2025-07-25
2025-07-26 07:00:00+00:00,17.6,39.5,439.0,118.0,2.5,4.8,66.0,2025-07-26
2025-07-27 07:00:00+00:00,16.4,34.6,439.0,113.0,2.6,4.3,59.0,2025-07-27
2025-07-28 07:00:00+00:00,14.5,25.9,439.0,119.0,2.6,4.3,61.0,2025-07-28
2025-07-29 07:00:00+00:00,13.0,24.1,439.0,110.0,2.7,4.4,56.0,2025-07-29
2025-07-30 07:00:00+00:00,14.8,31.3,439.0,115.0,2.6,4.2,58.0,2025-07-30
2025-07-31 07:00:00+00:00,17.3,35.4,439.0,116.0,2.1,5.0,63.0,2025-07-31
2025-08-01 07:00:00+00:00,17.9,39.3,439.0,118.0,3.0,6.1,62.0,2025-08-01
2025-08-02 07:00:00+00:00,18.6,38.5,439.0,114.0,2.8,7.8,68.0,2025-08-02
2025-08-03 07:00:00+00:00,15.4,35.3,439.0,125.0,3.6,7.4,63.0,2025-08-03
2025-08-04 07:00:00+00:00,16.3,35.2,439.0,124.0,4.2,9.8,66.0,2025-08-04
2025-08-05 07:00:00+00:00,22.3,50.6,440.0,138.0,3.2,11.5,79.0,2025-08-05
2025-08-06 07:00:00+00:00,27.0,60.1,439.0,140.0,4.4,20.0,91.0,2025-08-06
2025-08-07 07:00:00+00:00,32.0,69.8,439.0,150.0,4.7,23.7,90.0,2025-08-07
2025-08-08 07:00:00+00:00,32.4,82.9,440.0,166.0,4.5,15.0,69.0,2025-08-08
2025-08-09 07:00:00+00:00,24.0,57.2,441.0,179.0,3.7,11.8,70.0,2025-08-09
2025-08-10 07:00:00+00:00,19.6,47.4,440.0,137.0,3.2,8.7,65.0,2025-08-10
2025-08-11 07:00:00+00:00,19.4,42.6,439.0,124.0,2.7,7.6,64.0,2025-08-11
2025-08-12 07:00:00+00:00,18.8,36.8,440.0,131.0,3.2,8.7,60.0,2025-08-12
2025-08-13 07:00:00+00:00,15.0,25.4,440.0,130.0,3.8,7.5,52.0,2025-08-13
2025-08-14 07:00:00+00:00,12.4,21.2,440.0,155.0,3.8,5.6,52.0,2025-08-14
2025-08-15 07:00:00+00:00,11.6,19.9,440.0,131.0,4.5,7.3,55.0,2025-08-15
2025-08-16 07:00:00+00:00,14.3,30.5,440.0,138.0,5.7,6.7,45.0,2025-08-16
2025-08-17 07:00:00+00:00,5.9,7.5,440.0,134.0,3.4,4.1,51.0,2025-08-17
2025-08-18 07:00:00+00:00,13.6,28.2,440.0,128.0,4.2,4.6,58.0,2025-08-18
2025-08-19 07:00:00+00:00,8.6,11.3,440.0,123.0,3.4,3.3,59.0,2025-08-19
2025-08-20 07:00:00+00:00,16.5,32.7,439.0,126.0,3.6,3.5,55.0,2025-08-20
2025-08-21 07:00:00+00:00,19.7,39.1,439.0,114.0,1.8,4.3,54.0,2025-08-21
2025-08-22 07:00:00+00:00,13.5,22.2,439.0,117.0,2.4,4.7,51.0,2025-08-22
2025-08-23 07:00:00+00:00,13.3,22.3,439.0,111.0,2.4,4.3,53.0,2025-08-23
2025-08-24 07:00:00+00:00,12.4,19.3,439.0,106.0,2.2,4.1,57.0,2025-08-24
2025-08-25 07:00:00+00:00,11.2,18.5,439.0,121.0,3.0,4.2,51.0,2025-08-25
2025-08-26 07:00:00+00:00,15.7,34.5,440.0,117.0,3.8,6.6,52.0,2025-08-26
2025-08-27 07:00:00+00:00,23.9,49.5,440.0,126.0,6.3,15.4,61.0,2025-08-27
2025-08-28 07:00:00+00:00,29.2,77.1,440.0,133.0,4.0,15.1,79.0,2025-08-28
2025-08-29 07:00:00+00:00,20.8,47.3,440.0,148.0,9.6,13.1,50.0,2025-08-29
