time,temperature_2m,wind_speed_10m,precipitation,soil_moisture_7_to_28cm,soil_moisture_28_to_100cm,date
2016-05-27 07:00:00+00:00,32.22800064086914,14.145755767822266,0.10000000149011612,0.0989999994635582,0.10999999940395355,2016-05-27
2016-05-29 07:00:00+00:00,32.12799835205078,16.74677276611328,0.30000001192092896,0.0989999994635582,0.10999999940395355,2016-05-29
2016-06-15 07:00:00+00:00,30.37799835205078,22.17144012451172,0.20000000298023224,0.12099999934434891,0.10999999940395355,2016-06-15
2016-06-20 07:00:00+00:00,27.077999114990234,9.199390411376953,1.5,0.24199999868869781,0.10999999940395355,2016-06-20
2016-06-21 07:00:00+00:00,28.977998733520508,9.726663589477539,0.20000000298023224,0.289000004529953,0.11299999803304672,2016-06-21
2016-06-22 07:00:00+00:00,29.027999877929688,13.77911376953125,0.30000001192092896,0.3490000069141388,0.1469999998807907,2016-06-22
2016-06-24 07:00:00+00:00,28.87799835205078,14.512063980102539,0.20000000298023224,0.367000013589859,0.20600000023841858,2016-06-24
2016-06-25 07:00:00+00:00,26.67799949645996,11.753876686096191,2.0999999046325684,0.39399999380111694,0.26899999380111694,2016-06-25
2016-06-26 07:00:00+00:00,26.62799835205078,15.46324634552002,0.699999988079071,0.3959999978542328,0.3490000069141388,2016-06-26
2016-06-27 07:00:00+00:00,27.12799835205078,15.077081680297852,0.30000001192092896,0.3880000114440918,0.37400001287460327,2016-06-27
2016-06-28 07:00:00+00:00,26.67799949645996,10.028438568115234,1.2000000476837158,0.38199999928474426,0.38100001215934753,2016-06-28
2016-06-29 07:00:00+00:00,26.227998733520508,14.29159164428711,2.200000047683716,0.3919999897480011,0.3930000066757202,2016-06-29
2016-06-30 07:00:00+00:00,28.077999114990234,16.750640869140625,1.2999999523162842,0.38499999046325684,0.3869999945163727,2016-06-30
2016-07-01 07:00:00+00:00,28.37799835205078,15.30741024017334,0.6000000238418579,0.3799999952316284,0.3889999985694885,2016-07-01
2016-07-02 07:00:00+00:00,26.67799949645996,20.620803833007812,1.5,0.38499999046325684,0.39100000262260437,2016-07-02
2016-07-03 07:00:00+00:00,27.577999114990234,16.37505340576172,1.600000023841858,0.38499999046325684,0.38999998569488525,2016-07-03
2016-07-04 07:00:00+00:00,27.327999114990234,17.581125259399414,2.299999952316284,0.38499999046325684,0.3869999945163727,2016-07-04
2016-07-05 07:00:00+00:00,26.577999114990234,15.379205703735352,1.0,0.36800000071525574,0.39100000262260437,2016-07-05
2016-07-06 07:00:00+00:00,27.62799835205078,16.263872146606445,0.20000000298023224,0.34200000762939453,0.38100001215934753,2016-07-06
2016-07-08 07:00:00+00:00,28.227998733520508,20.724246978759766,0.30000001192092896,0.3199999928474426,0.36500000953674316,2016-07-08
2016-07-09 07:00:00+00:00,27.37799835205078,18.35999870300293,0.4000000059604645,0.34200000762939453,0.3569999933242798,2016-07-09
2016-07-10 07:00:00+00:00,27.977998733520508,17.11420440673828,0.30000001192092896,0.3720000088214874,0.36399999260902405,2016-07-10
2016-07-11 07:00:00+00:00,26.37799835205078,16.279802322387695,1.2999999523162842,0.3869999945163727,0.3720000088214874,2016-07-11
2016-07-12 07:00:00+00:00,26.17799949645996,17.287498474121094,0.699999988079071,0.38199999928474426,0.3779999911785126,2016-07-12
2016-07-13 07:00:00+00:00,27.027999877929688,19.373218536376953,0.800000011920929,0.3709999918937683,0.3779999911785126,2016-07-13
2016-07-14 07:00:00+00:00,27.92799949645996,16.923828125,0.10000000149011612,0.36500000953674316,0.3709999918937683,2016-07-14
2016-07-17 07:00:00+00:00,27.227998733520508,19.08339500427246,2.299999952316284,0.36399999260902405,0.3529999852180481,2016-07-17
2016-07-18 07:00:00+00:00,26.777999877929688,16.808570861816406,2.299999952316284,0.36899998784065247,0.3540000021457672,2016-07-18
2016-07-19 07:00:00+00:00,25.777999877929688,12.074766159057617,0.699999988079071,0.38499999046325684,0.36399999260902405,2016-07-19
2016-07-20 07:00:00+00:00,26.527999877929688,17.283748626708984,1.5,0.3799999952316284,0.37400001287460327,2016-07-20
2016-07-21 07:00:00+00:00,26.727998733520508,9.511088371276855,0.10000000149011612,0.36899998784065247,0.37400001287460327,2016-07-21
2016-07-22 07:00:00+00:00,26.577999114990234,9.0,0.30000001192092896,0.36800000071525574,0.36899998784065247,2016-07-22
2016-07-23 07:00:00+00:00,26.62799835205078,13.891522407531738,0.20000000298023224,0.36899998784065247,0.36800000071525574,2016-07-23
2016-07-24 07:00:00+00:00,27.477998733520508,9.360000610351562,0.20000000298023224,0.3619999885559082,0.3630000054836273,2016-07-24
2016-07-25 07:00:00+00:00,26.67799949645996,12.261157035827637,3.5,0.36800000071525574,0.3610000014305115,2016-07-25
2016-07-26 07:00:00+00:00,26.327999114990234,6.989935398101807,0.800000011920929,0.3720000088214874,0.35899999737739563,2016-07-26
2016-07-27 07:00:00+00:00,26.227998733520508,9.957107543945312,0.800000011920929,0.37299999594688416,0.3610000014305115,2016-07-27
2016-07-28 07:00:00+00:00,26.027999877929688,5.241678714752197,0.4000000059604645,0.3700000047683716,0.3700000047683716,2016-07-28
2016-07-29 07:00:00+00:00,25.777999877929688,5.447788238525391,1.0,0.39399999380111694,0.3930000066757202,2016-07-29
2016-07-30 07:00:00+00:00,25.827999114990234,11.620808601379395,1.0,0.37299999594688416,0.382999986410141,2016-07-30
2016-07-31 07:00:00+00:00,26.17799949645996,12.727921485900879,1.399999976158142,0.4000000059604645,0.3919999897480011,2016-07-31
2016-08-01 07:00:00+00:00,25.62799835205078,18.003599166870117,2.0,0.3970000147819519,0.3970000147819519,2016-08-01
2016-08-02 07:00:00+00:00,26.827999114990234,22.40692710876465,0.30000001192092896,0.38999998569488525,0.4000000059604645,2016-08-02
2016-08-04 07:00:00+00:00,26.12799835205078,20.608230590820312,0.5,0.3779999911785126,0.3569999933242798,2016-08-04
2016-08-05 07:00:00+00:00,26.077999114990234,20.431386947631836,2.700000047683716,0.382999986410141,0.34299999475479126,2016-08-05
2016-08-06 07:00:00+00:00,26.327999114990234,19.336389541625977,0.10000000149011612,0.37700000405311584,0.35100001096725464,2016-08-06
2016-08-07 07:00:00+00:00,27.277999877929688,23.675304412841797,0.30000001192092896,0.36000001430511475,0.3370000123977661,2016-08-07
2016-08-08 07:00:00+00:00,26.477998733520508,19.576189041137695,0.5,0.35899999737739563,0.32499998807907104,2016-08-08
2016-08-09 07:00:00+00:00,27.477998733520508,23.051246643066406,0.10000000149011612,0.36000001430511475,0.3179999887943268,2016-08-09
2016-08-10 07:00:00+00:00,25.62799835205078,20.658479690551758,1.0,0.36800000071525574,0.3190000057220459,2016-08-10
2016-08-13 07:00:00+00:00,27.62799835205078,16.645864486694336,0.10000000149011612,0.3449999988079071,0.31299999356269836,2016-08-13
2016-08-14 07:00:00+00:00,27.227998733520508,19.592731475830078,0.20000000298023224,0.33500000834465027,0.3050000071525574,2016-08-14
2016-08-15 07:00:00+00:00,27.827999114990234,23.143827438354492,0.30000001192092896,0.328000009059906,0.296999990940094,2016-08-15
2016-08-18 07:00:00+00:00,26.977998733520508,15.192682266235352,0.30000001192092896,0.32199999690055847,0.27799999713897705,2016-08-18
2016-08-22 07:00:00+00:00,27.12799835205078,16.055355072021484,0.10000000149011612,0.3190000057220459,0.26600000262260437,2016-08-22
2016-08-25 07:00:00+00:00,28.37799835205078,16.43430519104004,0.30000001192092896,0.3370000123977661,0.2759999930858612,2016-08-25
2016-08-26 07:00:00+00:00,27.42799949645996,12.758432388305664,0.10000000149011612,0.33399999141693115,0.2759999930858612,2016-08-26
2016-08-27 07:00:00+00:00,25.777999877929688,8.91318130493164,2.200000047683716,0.3569999933242798,0.2809999883174896,2016-08-27
2016-08-28 07:00:00+00:00,26.67799949645996,15.034041404724121,0.30000001192092896,0.3790000081062317,0.3109999895095825,2016-08-28
2016-08-29 07:00:00+00:00,27.077999114990234,12.496718406677246,0.800000011920929,0.36500000953674316,0.32100000977516174,2016-08-29
2016-08-31 07:00:00+00:00,28.277999877929688,13.783817291259766,0.10000000149011612,0.3330000042915344,0.3240000009536743,2016-08-31
2016-09-01 07:00:00+00:00,27.37799835205078,13.049689292907715,0.800000011920929,0.33000001311302185,0.32100000977516174,2016-09-01
2016-09-03 07:00:00+00:00,27.827999114990234,11.298495292663574,0.10000000149011612,0.33000001311302185,0.31700000166893005,2016-09-03
2016-09-05 07:00:00+00:00,28.17799949645996,13.708391189575195,0.20000000298023224,0.31299999356269836,0.3100000023841858,2016-09-05
2016-09-07 07:00:00+00:00,27.17799949645996,10.82995891571045,0.10000000149011612,0.30399999022483826,0.3019999861717224,2016-09-07
2016-09-12 07:00:00+00:00,28.277999877929688,7.704335689544678,0.20000000298023224,0.2939999997615814,0.2840000092983246,2016-09-12
2016-09-14 07:00:00+00:00,28.777999877929688,5.771238803863525,0.20000000298023224,0.2879999876022339,0.2770000100135803,2016-09-14
2016-09-15 07:00:00+00:00,27.37799835205078,1.7999999523162842,0.30000001192092896,0.296999990940094,0.2750000059604645,2016-09-15
2016-09-16 07:00:00+00:00,26.077999114990234,1.1384198665618896,0.800000011920929,0.38999998569488525,0.35100001096725464,2016-09-16
2016-09-17 07:00:00+00:00,25.577999114990234,2.1897945404052734,2.799999952316284,0.4009999930858612,0.40400001406669617,2016-09-17
2016-09-18 07:00:00+00:00,27.12799835205078,11.808877944946289,0.6000000238418579,0.3970000147819519,0.4090000092983246,2016-09-18
2016-09-19 07:00:00+00:00,26.827999114990234,15.905319213867188,1.399999976158142,0.3619999885559082,0.38199999928474426,2016-09-19
2016-09-20 07:00:00+00:00,27.87799835205078,13.910168647766113,0.10000000149011612,0.35899999737739563,0.35600000619888306,2016-09-20
2016-09-21 07:00:00+00:00,25.92799949645996,6.519876956939697,1.600000023841858,0.3880000114440918,0.375,2016-09-21
2016-09-22 07:00:00+00:00,26.12799835205078,11.885453224182129,3.0999999046325684,0.4099999964237213,0.41200000047683716,2016-09-22
2016-09-23 07:00:00+00:00,27.827999114990234,14.773163795471191,0.20000000298023224,0.35600000619888306,0.3630000054836273,2016-09-23
2016-09-24 07:00:00+00:00,27.027999877929688,13.905508995056152,0.20000000298023224,0.37299999594688416,0.328000009059906,2016-09-24
2016-09-27 07:00:00+00:00,28.477998733520508,8.396570205688477,0.10000000149011612,0.3310000002384186,0.28200000524520874,2016-09-27
2016-09-30 07:00:00+00:00,28.37799835205078,12.904882431030273,0.20000000298023224,0.3019999861717224,0.2549999952316284,2016-09-30
2016-10-01 07:00:00+00:00,26.077999114990234,6.130578517913818,1.899999976158142,0.3149999976158142,0.24899999797344208,2016-10-01
2016-10-02 07:00:00+00:00,25.37799835205078,9.6932954788208,2.5,0.3630000054836273,0.26100000739097595,2016-10-02
2016-10-03 07:00:00+00:00,26.027999877929688,11.631956100463867,0.5,0.3619999885559082,0.3050000071525574,2016-10-03
2016-10-04 07:00:00+00:00,25.37799835205078,18.448022842407227,1.2000000476837158,0.367000013589859,0.3149999976158142,2016-10-04
2016-10-05 07:00:00+00:00,27.077999114990234,15.277749061584473,0.20000000298023224,0.3449999988079071,0.3240000009536743,2016-10-05
2016-10-06 07:00:00+00:00,27.327999114990234,15.575981140136719,0.20000000298023224,0.3310000002384186,0.3199999928474426,2016-10-06
2016-10-07 07:00:00+00:00,28.027999877929688,12.031756401062012,0.30000001192092896,0.3269999921321869,0.3140000104904175,2016-10-07
2016-10-08 07:00:00+00:00,28.577999114990234,10.966712951660156,0.20000000298023224,0.3190000057220459,0.30799999833106995,2016-10-08
2016-10-09 07:00:00+00:00,28.477998733520508,11.01388168334961,0.20000000298023224,0.3100000023841858,0.3009999990463257,2016-10-09
2017-05-31 07:00:00+00:00,28.934999465942383,20.240198135375977,0.10000000149011612,0.0,0.0,2017-05-31
2017-06-07 07:00:00+00:00,27.584999084472656,24.37920379638672,1.0,0.0,0.0,2017-06-07
2017-06-08 07:00:00+00:00,27.48499870300293,14.404499053955078,0.8999999761581421,0.0,0.0,2017-06-08
2017-06-09 07:00:00+00:00,26.98499870300293,17.057313919067383,0.5,0.0,0.0,2017-06-09
2017-06-10 07:00:00+00:00,27.135000228881836,28.079998016357422,5.099999904632568,0.0,0.0,2017-06-10
2017-06-12 07:00:00+00:00,27.885000228881836,9.178235054016113,0.10000000149011612,0.0,0.0,2017-06-12
2017-06-13 07:00:00+00:00,27.834999084472656,15.192682266235352,0.4000000059604645,0.0,0.0,2017-06-13
2017-06-14 07:00:00+00:00,28.834999084472656,18.723461151123047,0.10000000149011612,0.0,0.0,2017-06-14
2017-06-15 07:00:00+00:00,28.53499984741211,18.584508895874023,0.10000000149011612,0.0,0.0,2017-06-15
2017-06-16 07:00:00+00:00,28.53499984741211,16.645864486694336,0.10000000149011612,0.0,0.0,2017-06-16
2017-06-18 07:00:00+00:00,28.334999084472656,17.884428024291992,0.10000000149011612,0.0,0.0,2017-06-18
2017-06-19 07:00:00+00:00,28.73499870300293,19.469974517822266,0.30000001192092896,0.0,0.0,2017-06-19
2017-06-20 07:00:00+00:00,28.135000228881836,30.17349624633789,0.20000000298023224,0.0,0.0,2017-06-20
2017-06-21 07:00:00+00:00,28.73499870300293,27.369470596313477,0.10000000149011612,0.0,0.0,2017-06-21
2017-06-22 07:00:00+00:00,28.885000228881836,29.79530143737793,0.10000000149011612,0.0,0.0,2017-06-22
2017-06-23 07:00:00+00:00,29.084999084472656,25.69905662536621,0.10000000149011612,0.0,0.0,2017-06-23
2017-06-24 07:00:00+00:00,27.635000228881836,26.20839500427246,0.6000000238418579,0.0,0.0,2017-06-24
2017-06-25 07:00:00+00:00,27.53499984741211,29.37476348876953,0.4000000059604645,0.0,0.0,2017-06-25
2017-06-26 07:00:00+00:00,27.334999084472656,33.27031326293945,1.2000000476837158,0.0,0.0,2017-06-26
2017-06-27 07:00:00+00:00,27.03499984741211,39.41301345825195,2.299999952316284,0.0,0.0,2017-06-27
2017-06-28 07:00:00+00:00,27.834999084472656,51.03627014160156,0.8999999761581421,0.0,0.0,2017-06-28
2017-06-29 07:00:00+00:00,27.78499984741211,40.78022766113281,0.800000011920929,0.0,0.0,2017-06-29
2017-06-30 07:00:00+00:00,28.23499870300293,37.50398254394531,0.30000001192092896,0.0,0.0,2017-06-30
2017-07-01 07:00:00+00:00,28.934999465942383,42.72488784790039,0.10000000149011612,0.0,0.0,2017-07-01
2017-07-02 07:00:00+00:00,27.684999465942383,34.26814270019531,1.2999999523162842,0.0,0.0,2017-07-02
2017-07-03 07:00:00+00:00,28.53499984741211,34.22840881347656,0.30000001192092896,0.0,0.0,2017-07-03
2017-07-04 07:00:00+00:00,27.684999465942383,31.255794525146484,0.20000000298023224,0.0,0.0,2017-07-04
2017-07-05 07:00:00+00:00,27.684999465942383,32.5715446472168,0.10000000149011612,0.0,0.0,2017-07-05
2017-07-06 07:00:00+00:00,28.684999465942383,27.41678237915039,0.20000000298023224,0.0,0.0,2017-07-06
2017-07-07 07:00:00+00:00,26.48499870300293,23.185789108276367,0.5,0.0,0.0,2017-07-07
2017-07-08 07:00:00+00:00,25.98499870300293,11.165804862976074,0.30000001192092896,0.0,0.0,2017-07-08
2017-07-09 07:00:00+00:00,26.885000228881836,14.2006196975708,0.30000001192092896,0.0,0.0,2017-07-09
2017-07-10 07:00:00+00:00,26.73499870300293,20.633371353149414,0.30000001192092896,0.0,0.0,2017-07-10
2017-07-11 07:00:00+00:00,27.084999084472656,29.72344398498535,0.4000000059604645,0.0,0.0,2017-07-11
2017-07-12 07:00:00+00:00,27.78499984741211,30.385364532470703,0.20000000298023224,0.0,0.0,2017-07-12
2017-07-13 07:00:00+00:00,27.684999465942383,31.92654037475586,0.4000000059604645,0.0,0.0,2017-07-13
2017-07-14 07:00:00+00:00,27.084999084472656,39.25320816040039,0.6000000238418579,0.0,0.0,2017-07-14
2017-07-15 07:00:00+00:00,26.584999084472656,42.61554718017578,0.4000000059604645,0.0,0.0,2017-07-15
2017-07-16 07:00:00+00:00,26.53499984741211,36.233245849609375,0.699999988079071,0.0,0.0,2017-07-16
2017-07-17 07:00:00+00:00,26.684999465942383,36.500518798828125,1.5,0.0,0.0,2017-07-17
2017-07-18 07:00:00+00:00,26.73499870300293,35.025611877441406,2.5999999046325684,0.0,0.0,2017-07-18
2017-07-19 07:00:00+00:00,26.834999084472656,19.29613494873047,0.10000000149011612,0.0,0.0,2017-07-19
2017-07-20 07:00:00+00:00,26.934999465942383,42.28429412841797,1.0,0.0,0.0,2017-07-20
2017-07-21 07:00:00+00:00,27.53499984741211,43.310855865478516,0.4000000059604645,0.0,0.0,2017-07-21
2017-07-22 07:00:00+00:00,27.28499984741211,42.78550720214844,0.10000000149011612,0.0,0.0,2017-07-22
2017-07-23 07:00:00+00:00,27.78499984741211,39.96648406982422,0.20000000298023224,0.0,0.0,2017-07-23
2017-07-24 07:00:00+00:00,27.584999084472656,42.82638168334961,0.30000001192092896,0.0,0.0,2017-07-24
2017-07-25 07:00:00+00:00,28.03499984741211,40.57952117919922,0.4000000059604645,0.0,0.0,2017-07-25
2017-07-26 07:00:00+00:00,27.48499870300293,34.29838180541992,0.20000000298023224,0.0,0.0,2017-07-26
2017-07-27 07:00:00+00:00,27.584999084472656,37.02228546142578,0.6000000238418579,0.0,0.0,2017-07-27
2017-07-28 07:00:00+00:00,26.334999084472656,33.19035720825195,0.8999999761581421,0.0,0.0,2017-07-28
2017-07-29 07:00:00+00:00,26.584999084472656,26.42753028869629,0.10000000149011612,0.0,0.0,2017-07-29
2017-07-30 07:00:00+00:00,26.53499984741211,25.66120719909668,0.10000000149011612,0.0,0.0,2017-07-30
2017-07-31 07:00:00+00:00,26.084999084472656,22.32290267944336,0.20000000298023224,0.0,0.0,2017-07-31
2017-08-01 07:00:00+00:00,26.834999084472656,22.159746170043945,0.20000000298023224,0.0,0.0,2017-08-01
2017-08-05 07:00:00+00:00,27.28499984741211,26.220752716064453,0.20000000298023224,0.0,0.0,2017-08-05
2017-08-06 07:00:00+00:00,27.28499984741211,21.19418716430664,0.10000000149011612,0.0,0.0,2017-08-06
2017-08-07 07:00:00+00:00,26.834999084472656,15.192682266235352,0.10000000149011612,0.0,0.0,2017-08-07
2017-08-08 07:00:00+00:00,26.635000228881836,16.26785659790039,0.20000000298023224,0.0,0.0,2017-08-08
2017-08-09 07:00:00+00:00,26.28499984741211,19.174856185913086,0.30000001192092896,0.0,0.0,2017-08-09
2017-08-10 07:00:00+00:00,25.98499870300293,19.09358024597168,0.30000001192092896,0.0,0.0,2017-08-10
2017-08-11 07:00:00+00:00,26.684999465942383,19.052810668945312,0.10000000149011612,0.0,0.0,2017-08-11
2017-08-12 07:00:00+00:00,27.73499870300293,28.137632369995117,0.20000000298023224,0.0,0.0,2017-08-12
2017-08-13 07:00:00+00:00,26.834999084472656,27.859905242919922,0.30000001192092896,0.0,0.0,2017-08-13
2017-08-14 07:00:00+00:00,26.385000228881836,20.00511932373047,0.800000011920929,0.0,0.0,2017-08-14
2017-08-15 07:00:00+00:00,26.334999084472656,11.367109298706055,0.10000000149011612,0.0,0.0,2017-08-15
2017-08-16 07:00:00+00:00,26.53499984741211,19.25579261779785,0.10000000149011612,0.0,0.0,2017-08-16
2017-08-17 07:00:00+00:00,26.98499870300293,19.64228057861328,0.10000000149011612,0.0,0.0,2017-08-17
2017-08-18 07:00:00+00:00,27.135000228881836,19.25579261779785,0.20000000298023224,0.0,0.0,2017-08-18
2017-08-19 07:00:00+00:00,26.98499870300293,22.9300479888916,0.30000001192092896,0.0,0.0,2017-08-19
2017-08-20 07:00:00+00:00,26.885000228881836,34.838253021240234,4.300000190734863,0.0,0.0,2017-08-20
2017-08-22 07:00:00+00:00,26.834999084472656,18.792551040649414,0.20000000298023224,0.0,0.0,2017-08-22
2017-08-23 07:00:00+00:00,26.73499870300293,18.08977508544922,0.30000001192092896,0.0,0.0,2017-08-23
2017-08-24 07:00:00+00:00,26.53499984741211,20.69608497619629,0.5,0.0,0.0,2017-08-24
2017-08-25 07:00:00+00:00,26.23499870300293,26.111791610717773,1.399999976158142,0.0,0.0,2017-08-25
2017-08-26 07:00:00+00:00,26.23499870300293,27.44512939453125,0.8999999761581421,0.0,0.0,2017-08-26
2017-08-27 07:00:00+00:00,26.885000228881836,25.071096420288086,0.5,0.0,0.0,2017-08-27
2017-08-28 07:00:00+00:00,26.434999465942383,23.532546997070312,2.799999952316284,0.0,0.0,2017-08-28
2017-08-29 07:00:00+00:00,27.084999084472656,41.961238861083984,5.900000095367432,0.0,0.0,2017-08-29
2017-08-30 07:00:00+00:00,26.78499984741211,35.188045501708984,0.5,0.0,0.0,2017-08-30
2017-08-31 07:00:00+00:00,27.78499984741211,33.663368225097656,0.10000000149011612,0.0,0.0,2017-08-31
2017-09-01 07:00:00+00:00,26.084999084472656,27.2769775390625,0.5,0.0,0.0,2017-09-01
2017-09-02 07:00:00+00:00,26.385000228881836,23.828083038330078,0.10000000149011612,0.0,0.0,2017-09-02
2017-09-03 07:00:00+00:00,26.48499870300293,13.237037658691406,0.30000001192092896,0.0,0.0,2017-09-03
2017-09-05 07:00:00+00:00,27.28499984741211,18.847640991210938,0.20000000298023224,0.0,0.0,2017-09-05
2017-09-15 07:00:00+00:00,27.135000228881836,1.8356469869613647,0.10000000149011612,0.0,0.0,2017-09-15
2017-09-17 07:00:00+00:00,27.135000228881836,21.817901611328125,0.10000000149011612,0.0,0.0,2017-09-17
2017-09-19 07:00:00+00:00,26.385000228881836,1.2979984283447266,2.0,0.0,0.0,2017-09-19
2017-09-20 07:00:00+00:00,25.834999084472656,6.287129878997803,1.5,0.0,0.0,2017-09-20
2017-09-21 07:00:00+00:00,25.834999084472656,11.44097900390625,1.2000000476837158,0.0,0.0,2017-09-21
2017-10-11 07:00:00+00:00,26.03499984741211,23.584808349609375,1.399999976158142,0.0,0.0,2017-10-11
2017-10-14 07:00:00+00:00,26.934999465942383,19.48328399658203,0.10000000149011612,0.0,0.0,2017-10-14
2017-12-05 07:00:00+00:00,24.78499984741211,12.959999084472656,2.200000047683716,0.0,0.0,2017-12-05
2018-05-29 07:00:00+00:00,29.53499984741211,25.068513870239258,0.10000000149011612,0.0,0.0,2018-05-29
2018-06-06 07:00:00+00:00,29.334999084472656,18.22894287109375,0.10000000149011612,0.0,0.0,2018-06-06
2018-06-07 07:00:00+00:00,28.334999084472656,11.65977668762207,0.5,0.0,0.0,2018-06-07
2018-06-08 07:00:00+00:00,28.135000228881836,16.93531036376953,1.100000023841858,0.0,0.0,2018-06-08
2018-06-09 07:00:00+00:00,28.28499984741211,26.052162170410156,0.800000011920929,0.0,0.0,2018-06-09
2018-06-10 07:00:00+00:00,29.584999084472656,30.574575424194336,0.10000000149011612,0.0,0.0,2018-06-10
2018-06-11 07:00:00+00:00,29.385000228881836,37.420955657958984,0.10000000149011612,0.0,0.0,2018-06-11
2018-06-12 07:00:00+00:00,29.084999084472656,28.916763305664062,0.20000000298023224,0.0,0.0,2018-06-12
2018-06-14 07:00:00+00:00,29.48499870300293,25.671306610107422,0.10000000149011612,0.0,0.0,2018-06-14
2018-06-15 07:00:00+00:00,27.635000228881836,28.03611946105957,0.20000000298023224,0.0,0.0,2018-06-15
2018-06-16 07:00:00+00:00,26.98499870300293,26.09937858581543,0.20000000298023224,0.0,0.0,2018-06-16
2018-06-17 07:00:00+00:00,26.885000228881836,33.42576217651367,1.399999976158142,0.0,0.0,2018-06-17
2018-06-18 07:00:00+00:00,27.385000228881836,33.81892776489258,0.20000000298023224,0.0,0.0,2018-06-18
2018-06-19 07:00:00+00:00,28.03499984741211,18.39173698425293,0.10000000149011612,0.0,0.0,2018-06-19
2018-06-22 07:00:00+00:00,29.084999084472656,23.400001525878906,0.30000001192092896,0.0,0.0,2018-06-22
2018-06-23 07:00:00+00:00,26.635000228881836,14.904172897338867,0.5,0.0,0.0,2018-06-23
2018-06-24 07:00:00+00:00,27.03499984741211,29.72344398498535,0.20000000298023224,0.0,0.0,2018-06-24
2018-06-25 07:00:00+00:00,26.684999465942383,26.980792999267578,2.299999952316284,0.0,0.0,2018-06-25
2018-06-26 07:00:00+00:00,28.084999084472656,34.1450080871582,0.699999988079071,0.0,0.0,2018-06-26
2018-06-27 07:00:00+00:00,28.334999084472656,30.259279251098633,0.10000000149011612,0.0,0.0,2018-06-27
2018-06-28 07:00:00+00:00,26.48499870300293,24.195106506347656,0.699999988079071,0.0,0.0,2018-06-28
2018-06-29 07:00:00+00:00,26.385000228881836,30.351224899291992,0.30000001192092896,0.0,0.0,2018-06-29
2018-06-30 07:00:00+00:00,26.635000228881836,35.90086364746094,0.5,0.0,0.0,2018-06-30
2018-07-02 07:00:00+00:00,26.635000228881836,30.599998474121094,2.0,0.0,0.0,2018-07-02
2018-07-03 07:00:00+00:00,26.635000228881836,29.598918914794922,2.5999999046325684,0.0,0.0,2018-07-03
2018-07-04 07:00:00+00:00,26.334999084472656,37.420955657958984,1.899999976158142,0.0,0.0,2018-07-04
2018-07-05 07:00:00+00:00,27.03499984741211,32.3599739074707,0.30000001192092896,0.0,0.0,2018-07-05
2018-07-06 07:00:00+00:00,26.635000228881836,22.253124237060547,0.30000001192092896,0.0,0.0,2018-07-06
2018-07-07 07:00:00+00:00,26.434999465942383,23.34454917907715,3.0,0.0,0.0,2018-07-07
2018-07-08 07:00:00+00:00,26.434999465942383,31.01228141784668,1.2999999523162842,0.0,0.0,2018-07-08
2018-07-09 07:00:00+00:00,26.28499984741211,26.932714462280273,1.5,0.0,0.0,2018-07-09
2018-07-10 07:00:00+00:00,26.73499870300293,28.714370727539062,0.699999988079071,0.0,0.0,2018-07-10
2018-07-11 07:00:00+00:00,27.084999084472656,32.68673324584961,0.5,0.0,0.0,2018-07-11
2018-07-12 07:00:00+00:00,27.084999084472656,34.22840881347656,1.100000023841858,0.0,0.0,2018-07-12
2018-07-13 07:00:00+00:00,26.385000228881836,34.69847106933594,0.8999999761581421,0.0,0.0,2018-07-13
2018-07-14 07:00:00+00:00,26.635000228881836,31.4500732421875,1.5,0.0,0.0,2018-07-14
2018-07-15 07:00:00+00:00,26.834999084472656,38.34464645385742,2.5999999046325684,0.0,0.0,2018-07-15
2018-07-16 07:00:00+00:00,27.135000228881836,40.87228775024414,1.399999976158142,0.0,0.0,2018-07-16
2018-07-17 07:00:00+00:00,26.934999465942383,44.63128662109375,0.6000000238418579,0.0,0.0,2018-07-17
2018-07-18 07:00:00+00:00,26.73499870300293,36.08629608154297,0.30000001192092896,0.0,0.0,2018-07-18
2018-07-19 07:00:00+00:00,26.834999084472656,30.121912002563477,0.30000001192092896,0.0,0.0,2018-07-19
2018-07-20 07:00:00+00:00,26.434999465942383,30.871965408325195,1.0,0.0,0.0,2018-07-20
2018-07-21 07:00:00+00:00,26.684999465942383,37.372440338134766,0.5,0.0,0.0,2018-07-21
2018-07-22 07:00:00+00:00,27.48499870300293,40.7373046875,0.20000000298023224,0.0,0.0,2018-07-22
2018-07-23 07:00:00+00:00,27.53499984741211,37.79828643798828,0.30000001192092896,0.0,0.0,2018-07-23
2018-07-25 07:00:00+00:00,27.385000228881836,34.305938720703125,0.4000000059604645,0.0,0.0,2018-07-25
2018-07-26 07:00:00+00:00,27.184999465942383,36.40274429321289,0.10000000149011612,0.0,0.0,2018-07-26
2018-07-27 07:00:00+00:00,27.23499870300293,37.19342041015625,0.20000000298023224,0.0,0.0,2018-07-27
2018-07-28 07:00:00+00:00,27.28499984741211,32.846920013427734,0.10000000149011612,0.0,0.0,2018-07-28
2018-08-02 07:00:00+00:00,27.03499984741211,28.691795349121094,0.10000000149011612,0.0,0.0,2018-08-02
2018-08-03 07:00:00+00:00,27.084999084472656,30.754199981689453,0.10000000149011612,0.0,0.0,2018-08-03
2018-08-04 07:00:00+00:00,26.135000228881836,33.355899810791016,0.699999988079071,0.0,0.0,2018-08-04
2018-08-05 07:00:00+00:00,26.98499870300293,32.26572036743164,0.10000000149011612,0.0,0.0,2018-08-05
2018-08-06 07:00:00+00:00,26.885000228881836,37.02228546142578,0.10000000149011612,0.0,0.0,2018-08-06
2018-08-07 07:00:00+00:00,27.334999084472656,32.10667037963867,0.10000000149011612,0.0,0.0,2018-08-07
2018-08-09 07:00:00+00:00,25.78499984741211,28.822490692138672,0.800000011920929,0.0,0.0,2018-08-09
2018-08-10 07:00:00+00:00,27.03499984741211,28.410364151000977,0.10000000149011612,0.0,0.0,2018-08-10
2018-08-11 07:00:00+00:00,26.184999465942383,32.136932373046875,0.5,0.0,0.0,2018-08-11
2018-08-12 07:00:00+00:00,26.78499984741211,41.21174621582031,0.20000000298023224,0.0,0.0,2018-08-12
2018-08-13 07:00:00+00:00,26.834999084472656,36.500518798828125,0.10000000149011612,0.0,0.0,2018-08-13
2018-08-14 07:00:00+00:00,26.98499870300293,32.1691780090332,0.20000000298023224,0.0,0.0,2018-08-14
2018-08-15 07:00:00+00:00,27.03499984741211,32.431983947753906,0.10000000149011612,0.0,0.0,2018-08-15
2018-08-16 07:00:00+00:00,26.584999084472656,36.08090591430664,0.20000000298023224,0.0,0.0,2018-08-16
2018-08-17 07:00:00+00:00,26.334999084472656,42.12153625488281,1.2000000476837158,0.0,0.0,2018-08-17
2018-08-18 07:00:00+00:00,26.434999465942383,34.404022216796875,0.699999988079071,0.0,0.0,2018-08-18
2018-08-19 07:00:00+00:00,26.23499870300293,32.73625564575195,0.4000000059604645,0.0,0.0,2018-08-19
2018-08-20 07:00:00+00:00,25.98499870300293,28.312116622924805,0.800000011920929,0.0,0.0,2018-08-20
2018-08-21 07:00:00+00:00,25.434999465942383,25.294963836669922,1.5,0.0,0.0,2018-08-21
2018-08-22 07:00:00+00:00,25.53499984741211,30.121912002563477,1.2000000476837158,0.0,0.0,2018-08-22
2018-08-23 07:00:00+00:00,26.434999465942383,27.21038055419922,0.20000000298023224,0.0,0.0,2018-08-23
2018-08-24 07:00:00+00:00,26.184999465942383,30.085317611694336,0.30000001192092896,0.0,0.0,2018-08-24
2018-08-25 07:00:00+00:00,25.78499984741211,29.834423065185547,0.5,0.0,0.0,2018-08-25
2018-08-26 07:00:00+00:00,25.885000228881836,34.171566009521484,0.4000000059604645,0.0,0.0,2018-08-26
2018-08-27 07:00:00+00:00,25.385000228881836,23.584808349609375,0.30000001192092896,0.0,0.0,2018-08-27
2018-08-28 07:00:00+00:00,25.084999084472656,16.73516082763672,0.5,0.0,0.0,2018-08-28
2018-08-29 07:00:00+00:00,25.78499984741211,19.245697021484375,0.20000000298023224,0.0,0.0,2018-08-29
2018-08-30 07:00:00+00:00,25.635000228881836,20.59879493713379,0.10000000149011612,0.0,0.0,2018-08-30
2018-08-31 07:00:00+00:00,26.23499870300293,20.4186954498291,0.20000000298023224,0.0,0.0,2018-08-31
2018-09-01 07:00:00+00:00,25.584999084472656,20.87068748474121,0.30000001192092896,0.0,0.0,2018-09-01
2018-09-02 07:00:00+00:00,26.73499870300293,34.05379104614258,0.20000000298023224,0.0,0.0,2018-09-02
2018-09-03 07:00:00+00:00,26.684999465942383,27.210378646850586,0.10000000149011612,0.0,0.0,2018-09-03
2018-09-04 07:00:00+00:00,26.23499870300293,26.289859771728516,0.20000000298023224,0.0,0.0,2018-09-04
2018-09-07 07:00:00+00:00,25.53499984741211,20.608230590820312,0.10000000149011612,0.0,0.0,2018-09-07
2018-09-08 07:00:00+00:00,25.885000228881836,20.124610900878906,0.10000000149011612,0.0,0.0,2018-09-08
2018-09-11 07:00:00+00:00,26.334999084472656,13.358860969543457,0.10000000149011612,0.0,0.0,2018-09-11
2018-09-14 07:00:00+00:00,25.834999084472656,9.220499038696289,0.20000000298023224,0.0,0.0,2018-09-14
2018-09-15 07:00:00+00:00,25.885000228881836,13.527571678161621,0.20000000298023224,0.0,0.0,2018-09-15
2018-09-19 07:00:00+00:00,26.434999465942383,12.229406356811523,0.10000000149011612,0.0,0.0,2018-09-19
2018-09-22 07:00:00+00:00,27.98499870300293,24.967498779296875,0.10000000149011612,0.0,0.0,2018-09-22
2019-06-12 07:00:00+00:00,27.584999084472656,53.104576110839844,6.300000190734863,0.0,0.0,2019-06-12
2019-06-13 07:00:00+00:00,27.934999465942383,42.71882247924805,1.2999999523162842,0.0,0.0,2019-06-13
2019-06-14 07:00:00+00:00,27.28499984741211,39.047969818115234,0.5,0.0,0.0,2019-06-14
2019-06-15 07:00:00+00:00,27.834999084472656,40.48039245605469,0.699999988079071,0.0,0.0,2019-06-15
2019-06-16 07:00:00+00:00,27.53499984741211,38.3784294128418,0.5,0.0,0.0,2019-06-16
2019-06-17 07:00:00+00:00,27.584999084472656,36.71294021606445,0.20000000298023224,0.0,0.0,2019-06-17
2019-06-18 07:00:00+00:00,27.03499984741211,34.04808044433594,0.5,0.0,0.0,2019-06-18
2019-06-23 07:00:00+00:00,27.834999084472656,8.647496223449707,0.10000000149011612,0.0,0.0,2019-06-23
2019-06-24 07:00:00+00:00,27.23499870300293,14.336860656738281,0.30000001192092896,0.0,0.0,2019-06-24
2019-06-26 07:00:00+00:00,28.23499870300293,20.188907623291016,0.30000001192092896,0.0,0.0,2019-06-26
2019-06-27 07:00:00+00:00,27.48499870300293,16.981164932250977,0.699999988079071,0.0,0.0,2019-06-27
2019-06-28 07:00:00+00:00,27.635000228881836,32.78965759277344,0.20000000298023224,0.0,0.0,2019-06-28
2019-06-29 07:00:00+00:00,27.385000228881836,30.599998474121094,2.299999952316284,0.0,0.0,2019-06-29
2019-06-30 07:00:00+00:00,26.98499870300293,24.479999542236328,2.0999999046325684,0.0,0.0,2019-06-30
2019-07-01 07:00:00+00:00,26.78499984741211,21.068458557128906,1.7999999523162842,0.0,0.0,2019-07-01
2019-07-02 07:00:00+00:00,27.184999465942383,14.182354927062988,0.20000000298023224,0.0,0.0,2019-07-02
2019-07-03 07:00:00+00:00,27.084999084472656,22.424270629882812,0.4000000059604645,0.0,0.0,2019-07-03
2019-07-04 07:00:00+00:00,27.135000228881836,29.09103012084961,1.2000000476837158,0.0,0.0,2019-07-04
2019-07-05 07:00:00+00:00,27.03499984741211,30.69936752319336,0.699999988079071,0.0,0.0,2019-07-05
2019-07-06 07:00:00+00:00,26.834999084472656,37.600616455078125,1.100000023841858,0.0,0.0,2019-07-06
2019-07-07 07:00:00+00:00,27.03499984741211,28.555965423583984,0.699999988079071,0.0,0.0,2019-07-07
2019-07-08 07:00:00+00:00,27.084999084472656,30.69936752319336,0.800000011920929,0.0,0.0,2019-07-08
2019-07-09 07:00:00+00:00,26.834999084472656,29.52219581604004,0.800000011920929,0.0,0.0,2019-07-09
2019-07-10 07:00:00+00:00,26.684999465942383,34.29838562011719,1.7999999523162842,0.0,0.0,2019-07-10
2019-07-11 07:00:00+00:00,26.684999465942383,29.387998580932617,0.6000000238418579,0.0,0.0,2019-07-11
2019-07-12 07:00:00+00:00,26.684999465942383,28.96378517150879,0.20000000298023224,0.0,0.0,2019-07-12
2019-07-13 07:00:00+00:00,27.135000228881836,21.817901611328125,0.30000001192092896,0.0,0.0,2019-07-13
2019-07-14 07:00:00+00:00,26.834999084472656,24.336639404296875,0.20000000298023224,0.0,0.0,2019-07-14
2019-07-15 07:00:00+00:00,27.584999084472656,25.006397247314453,0.10000000149011612,0.0,0.0,2019-07-15
2019-07-16 07:00:00+00:00,26.434999465942383,22.65713119506836,0.30000001192092896,0.0,0.0,2019-07-16
2019-07-17 07:00:00+00:00,26.834999084472656,17.78268814086914,0.699999988079071,0.0,0.0,2019-07-17
2019-07-21 07:00:00+00:00,26.78499984741211,12.594856262207031,0.30000001192092896,0.0,0.0,2019-07-21
2019-07-22 07:00:00+00:00,28.03499984741211,20.19211769104004,0.10000000149011612,0.0,0.0,2019-07-22
2019-07-23 07:00:00+00:00,27.73499870300293,29.024127960205078,0.20000000298023224,0.0,0.0,2019-07-23
2019-07-24 07:00:00+00:00,27.385000228881836,35.25979232788086,1.100000023841858,0.0,0.0,2019-07-24
2019-07-25 07:00:00+00:00,27.084999084472656,25.478742599487305,1.100000023841858,0.0,0.0,2019-07-25
2019-07-26 07:00:00+00:00,26.73499870300293,27.60991096496582,2.0,0.0,0.0,2019-07-26
2019-07-27 07:00:00+00:00,26.73499870300293,30.259275436401367,3.0,0.0,0.0,2019-07-27
2019-07-28 07:00:00+00:00,27.084999084472656,29.301876068115234,0.800000011920929,0.0,0.0,2019-07-28
2019-07-29 07:00:00+00:00,26.78499984741211,34.17156982421875,1.5,0.0,0.0,2019-07-29
2019-07-30 07:00:00+00:00,26.434999465942383,38.48465347290039,2.5,0.0,0.0,2019-07-30
2019-07-31 07:00:00+00:00,26.48499870300293,30.886655807495117,1.600000023841858,0.0,0.0,2019-07-31
2019-08-01 07:00:00+00:00,27.635000228881836,37.21257781982422,0.800000011920929,0.0,0.0,2019-08-01
2019-08-02 07:00:00+00:00,26.834999084472656,40.04423522949219,0.4000000059604645,0.0,0.0,2019-08-02
2019-08-03 07:00:00+00:00,26.23499870300293,42.37919998168945,2.0,0.0,0.0,2019-08-03
2019-08-04 07:00:00+00:00,27.135000228881836,42.218345642089844,2.200000047683716,0.0,0.0,2019-08-04
2019-08-05 07:00:00+00:00,26.53499984741211,39.2812614440918,2.5,0.0,0.0,2019-08-05
2019-08-06 07:00:00+00:00,26.834999084472656,41.23532485961914,0.8999999761581421,0.0,0.0,2019-08-06
2019-08-07 07:00:00+00:00,27.48499870300293,38.26852035522461,0.800000011920929,0.0,0.0,2019-08-07
2019-08-08 07:00:00+00:00,27.48499870300293,41.08576202392578,0.20000000298023224,0.0,0.0,2019-08-08
2019-08-09 07:00:00+00:00,27.53499984741211,44.75741958618164,0.10000000149011612,0.0,0.0,2019-08-09
2019-08-10 07:00:00+00:00,27.334999084472656,48.18354797363281,0.30000001192092896,0.0,0.0,2019-08-10
2019-08-11 07:00:00+00:00,26.885000228881836,37.162044525146484,0.6000000238418579,0.0,0.0,2019-08-11
2019-08-12 07:00:00+00:00,26.934999465942383,24.448213577270508,0.10000000149011612,0.0,0.0,2019-08-12
2019-08-13 07:00:00+00:00,26.635000228881836,19.64228057861328,0.20000000298023224,0.0,0.0,2019-08-13
2019-08-14 07:00:00+00:00,26.635000228881836,22.668569564819336,0.30000001192092896,0.0,0.0,2019-08-14
2019-08-15 07:00:00+00:00,26.28499984741211,23.269481658935547,1.0,0.0,0.0,2019-08-15
2019-08-16 07:00:00+00:00,27.385000228881836,30.589406967163086,0.10000000149011612,0.0,0.0,2019-08-16
2019-08-17 07:00:00+00:00,26.834999084472656,25.476198196411133,0.10000000149011612,0.0,0.0,2019-08-17
2019-08-18 07:00:00+00:00,26.53499984741211,16.323528289794922,0.10000000149011612,0.0,0.0,2019-08-18
2019-08-19 07:00:00+00:00,26.48499870300293,15.580141067504883,0.10000000149011612,0.0,0.0,2019-08-19
2019-08-21 07:00:00+00:00,26.135000228881836,15.51762866973877,0.30000001192092896,0.0,0.0,2019-08-21
2019-08-22 07:00:00+00:00,25.834999084472656,16.700275421142578,0.30000001192092896,0.0,0.0,2019-08-22
2019-08-23 07:00:00+00:00,25.885000228881836,13.397611618041992,0.10000000149011612,0.0,0.0,2019-08-23
2019-08-25 07:00:00+00:00,25.885000228881836,15.546833038330078,0.20000000298023224,0.0,0.0,2019-08-25
2019-08-26 07:00:00+00:00,26.28499984741211,20.80849838256836,0.10000000149011612,0.0,0.0,2019-08-26
2019-08-27 07:00:00+00:00,26.184999465942383,25.189712524414062,0.20000000298023224,0.0,0.0,2019-08-27
2019-08-28 07:00:00+00:00,26.135000228881836,23.68351173400879,0.30000001192092896,0.0,0.0,2019-08-28
2019-08-30 07:00:00+00:00,26.53499984741211,15.496735572814941,1.0,0.0,0.0,2019-08-30
2019-08-31 07:00:00+00:00,26.53499984741211,21.710716247558594,1.2000000476837158,0.0,0.0,2019-08-31
2019-09-01 07:00:00+00:00,26.635000228881836,24.27264976501465,0.800000011920929,0.0,0.0,2019-09-01
2019-09-02 07:00:00+00:00,26.684999465942383,20.929594039916992,0.30000001192092896,0.0,0.0,2019-09-02
2019-09-03 07:00:00+00:00,26.434999465942383,20.746122360229492,1.5,0.0,0.0,2019-09-03
2019-09-04 07:00:00+00:00,26.635000228881836,32.05819320678711,4.0,0.0,0.0,2019-09-04
2019-09-05 07:00:00+00:00,26.635000228881836,27.698951721191406,1.5,0.0,0.0,2019-09-05
2019-09-06 07:00:00+00:00,26.48499870300293,33.46644973754883,1.7999999523162842,0.0,0.0,2019-09-06
2019-09-07 07:00:00+00:00,26.73499870300293,30.248567581176758,2.5,0.0,0.0,2019-09-07
2019-09-08 07:00:00+00:00,26.53499984741211,27.5582275390625,1.7999999523162842,0.0,0.0,2019-09-08
2019-09-09 07:00:00+00:00,27.48499870300293,30.684587478637695,0.699999988079071,0.0,0.0,2019-09-09
2019-09-10 07:00:00+00:00,26.885000228881836,25.809764862060547,0.30000001192092896,0.0,0.0,2019-09-10
2019-09-11 07:00:00+00:00,26.53499984741211,25.11758041381836,0.30000001192092896,0.0,0.0,2019-09-11
2019-09-12 07:00:00+00:00,26.184999465942383,21.794126510620117,0.800000011920929,0.0,0.0,2019-09-12
2019-09-13 07:00:00+00:00,26.135000228881836,22.9300479888916,1.2000000476837158,0.0,0.0,2019-09-13
2019-09-14 07:00:00+00:00,26.53499984741211,18.75112533569336,0.30000001192092896,0.0,0.0,2019-09-14
2019-09-15 07:00:00+00:00,26.135000228881836,20.27538299560547,0.30000001192092896,0.0,0.0,2019-09-15
2019-09-16 07:00:00+00:00,26.385000228881836,18.289274215698242,0.20000000298023224,0.0,0.0,2019-09-16
2019-09-18 07:00:00+00:00,26.98499870300293,15.91346549987793,0.4000000059604645,0.0,0.0,2019-09-18
2019-09-21 07:00:00+00:00,26.834999084472656,41.885501861572266,0.10000000149011612,0.0,0.0,2019-09-21
2019-09-24 07:00:00+00:00,27.834999084472656,22.476226806640625,0.10000000149011612,0.0,0.0,2019-09-24
2019-09-25 07:00:00+00:00,27.135000228881836,12.261157989501953,0.30000001192092896,0.0,0.0,2019-09-25
2019-09-26 07:00:00+00:00,26.834999084472656,22.00716209411621,0.4000000059604645,0.0,0.0,2019-09-26
2019-09-27 07:00:00+00:00,26.635000228881836,34.454837799072266,0.10000000149011612,0.0,0.0,2019-09-27
2019-10-01 07:00:00+00:00,27.03499984741211,15.277749061584473,0.10000000149011612,0.0,0.0,2019-10-01
2019-10-06 07:00:00+00:00,28.135000228881836,12.101570129394531,0.4000000059604645,0.0,0.0,2019-10-06
2019-10-19 07:00:00+00:00,26.635000228881836,16.62248992919922,0.699999988079071,0.0,0.0,2019-10-19
2019-10-20 07:00:00+00:00,26.385000228881836,13.493998527526855,0.699999988079071,0.0,0.0,2019-10-20
2019-10-23 07:00:00+00:00,26.135000228881836,12.475960731506348,0.30000001192092896,0.0,0.0,2019-10-23
2019-10-25 07:00:00+00:00,27.084999084472656,16.981164932250977,3.5999999046325684,0.0,0.0,2019-10-25
2019-10-26 07:00:00+00:00,27.135000228881836,17.727943420410156,1.5,0.0,0.0,2019-10-26
2019-11-08 07:00:00+00:00,26.834999084472656,25.133052825927734,0.10000000149011612,0.0,0.0,2019-11-08
2020-06-01 07:00:00+00:00,28.334999084472656,7.594208240509033,0.4000000059604645,0.0,0.0,2020-06-01
2020-06-02 07:00:00+00:00,28.934999465942383,18.584508895874023,0.6000000238418579,0.0,0.0,2020-06-02
2020-06-03 07:00:00+00:00,27.834999084472656,61.904296875,6.900000095367432,0.0,0.0,2020-06-03
2020-06-04 07:00:00+00:00,26.684999465942383,11.592893600463867,0.4000000059604645,0.0,0.0,2020-06-04
2020-06-06 07:00:00+00:00,27.73499870300293,29.515607833862305,0.4000000059604645,0.0,0.0,2020-06-06
2020-06-08 07:00:00+00:00,27.23499870300293,23.45255470275879,0.20000000298023224,0.0,0.0,2020-06-08
2020-06-09 07:00:00+00:00,27.48499870300293,17.654687881469727,0.10000000149011612,0.0,0.0,2020-06-09
2020-06-10 07:00:00+00:00,27.78499984741211,16.56391143798828,0.20000000298023224,0.0,0.0,2020-06-10
2020-06-11 07:00:00+00:00,27.184999465942383,12.181624412536621,0.30000001192092896,0.0,0.0,2020-06-11
2020-06-13 07:00:00+00:00,27.23499870300293,14.458381652832031,0.20000000298023224,0.0,0.0,2020-06-13
2020-06-16 07:00:00+00:00,26.885000228881836,17.584810256958008,2.200000047683716,0.0,0.0,2020-06-16
2020-06-17 07:00:00+00:00,27.385000228881836,24.606731414794922,0.10000000149011612,0.0,0.0,2020-06-17
2020-06-18 07:00:00+00:00,27.73499870300293,34.89586639404297,0.30000001192092896,0.0,0.0,2020-06-18
2020-06-20 07:00:00+00:00,27.48499870300293,25.772077560424805,0.10000000149011612,0.0,0.0,2020-06-20
2020-06-21 07:00:00+00:00,27.03499984741211,22.206485748291016,0.4000000059604645,0.0,0.0,2020-06-21
2020-06-22 07:00:00+00:00,27.135000228881836,24.62778663635254,0.10000000149011612,0.0,0.0,2020-06-22
2020-06-23 07:00:00+00:00,27.635000228881836,35.501548767089844,0.10000000149011612,0.0,0.0,2020-06-23
2020-06-29 07:00:00+00:00,27.584999084472656,9.0,0.30000001192092896,0.0,0.0,2020-06-29
2020-06-30 07:00:00+00:00,27.635000228881836,14.40899658203125,0.30000001192092896,0.0,0.0,2020-06-30
2020-07-01 07:00:00+00:00,27.135000228881836,22.702844619750977,1.0,0.0,0.0,2020-07-01
2020-07-02 07:00:00+00:00,28.135000228881836,19.67194938659668,0.10000000149011612,0.0,0.0,2020-07-02
2020-07-03 07:00:00+00:00,27.434999465942383,16.595178604125977,0.30000001192092896,0.0,0.0,2020-07-03
2020-07-04 07:00:00+00:00,27.885000228881836,47.062339782714844,9.300000190734863,0.0,0.0,2020-07-04
2020-07-05 07:00:00+00:00,27.53499984741211,32.65102767944336,1.2000000476837158,0.0,0.0,2020-07-05
2020-07-06 07:00:00+00:00,28.23499870300293,44.712520599365234,0.10000000149011612,0.0,0.0,2020-07-06
2020-07-07 07:00:00+00:00,27.53499984741211,39.312591552734375,2.0999999046325684,0.0,0.0,2020-07-07
2020-07-08 07:00:00+00:00,27.385000228881836,31.470672607421875,1.5,0.0,0.0,2020-07-08
2020-07-09 07:00:00+00:00,27.084999084472656,27.859905242919922,0.5,0.0,0.0,2020-07-09
2020-07-10 07:00:00+00:00,27.584999084472656,28.46049690246582,0.10000000149011612,0.0,0.0,2020-07-10
2020-07-11 07:00:00+00:00,27.23499870300293,28.00605583190918,0.30000001192092896,0.0,0.0,2020-07-11
2020-07-12 07:00:00+00:00,27.084999084472656,23.933908462524414,0.30000001192092896,0.0,0.0,2020-07-12
2020-07-13 07:00:00+00:00,26.78499984741211,19.486608505249023,0.6000000238418579,0.0,0.0,2020-07-13
2020-07-14 07:00:00+00:00,27.135000228881836,15.226763725280762,0.4000000059604645,0.0,0.0,2020-07-14
2020-07-15 07:00:00+00:00,26.684999465942383,21.962949752807617,1.0,0.0,0.0,2020-07-15
2020-07-16 07:00:00+00:00,26.885000228881836,27.162708282470703,0.699999988079071,0.0,0.0,2020-07-16
2020-07-17 07:00:00+00:00,26.934999465942383,36.58917999267578,0.4000000059604645,0.0,0.0,2020-07-17
2020-07-18 07:00:00+00:00,26.834999084472656,34.92742156982422,0.20000000298023224,0.0,0.0,2020-07-18
2020-07-19 07:00:00+00:00,27.084999084472656,19.40663719177246,0.30000001192092896,0.0,0.0,2020-07-19
2020-07-20 07:00:00+00:00,27.03499984741211,18.204042434692383,0.10000000149011612,0.0,0.0,2020-07-20
2020-07-21 07:00:00+00:00,27.334999084472656,17.0725040435791,0.20000000298023224,0.0,0.0,2020-07-21
2020-07-22 07:00:00+00:00,27.78499984741211,16.363178253173828,0.20000000298023224,0.0,0.0,2020-07-22
2020-07-24 07:00:00+00:00,26.885000228881836,12.738099098205566,0.5,0.0,0.0,2020-07-24
2020-07-25 07:00:00+00:00,26.98499870300293,23.34454917907715,0.20000000298023224,0.0,0.0,2020-07-25
2020-07-27 07:00:00+00:00,27.23499870300293,20.124610900878906,0.20000000298023224,0.0,0.0,2020-07-27
2020-07-28 07:00:00+00:00,27.23499870300293,15.6837739944458,0.10000000149011612,0.0,0.0,2020-07-28
2020-07-29 07:00:00+00:00,27.135000228881836,15.13713264465332,0.20000000298023224,0.0,0.0,2020-07-29
2020-07-30 07:00:00+00:00,26.934999465942383,23.87155532836914,3.799999952316284,0.0,0.0,2020-07-30
2020-07-31 07:00:00+00:00,27.334999084472656,16.70415496826172,0.10000000149011612,0.0,0.0,2020-07-31
2020-08-01 07:00:00+00:00,27.28499984741211,21.86240577697754,0.10000000149011612,0.0,0.0,2020-08-01
2020-08-03 07:00:00+00:00,26.78499984741211,33.79017639160156,1.899999976158142,0.0,0.0,2020-08-03
2020-08-04 07:00:00+00:00,27.53499984741211,55.41661834716797,6.699999809265137,0.0,0.0,2020-08-04
2020-08-05 07:00:00+00:00,26.98499870300293,37.63679122924805,7.300000190734863,0.0,0.0,2020-08-05
2020-08-06 07:00:00+00:00,27.584999084472656,49.08953094482422,0.800000011920929,0.0,0.0,2020-08-06
2020-08-07 07:00:00+00:00,27.385000228881836,41.047889709472656,0.4000000059604645,0.0,0.0,2020-08-07
2020-08-08 07:00:00+00:00,28.184999465942383,36.65818405151367,0.20000000298023224,0.0,0.0,2020-08-08
2020-08-09 07:00:00+00:00,27.53499984741211,29.337238311767578,0.10000000149011612,0.0,0.0,2020-08-09
2020-08-10 07:00:00+00:00,26.584999084472656,20.620803833007812,0.30000001192092896,0.0,0.0,2020-08-10
2020-08-11 07:00:00+00:00,26.834999084472656,29.592350006103516,2.0999999046325684,0.0,0.0,2020-08-11
2020-08-12 07:00:00+00:00,27.135000228881836,31.73109245300293,0.800000011920929,0.0,0.0,2020-08-12
2020-08-13 07:00:00+00:00,27.28499984741211,28.712116241455078,0.800000011920929,0.0,0.0,2020-08-13
2020-08-14 07:00:00+00:00,26.48499870300293,31.869657516479492,2.4000000953674316,0.0,0.0,2020-08-14
2020-08-15 07:00:00+00:00,26.334999084472656,37.05902099609375,3.9000000953674316,0.0,0.0,2020-08-15
2020-08-16 07:00:00+00:00,27.03499984741211,34.04808044433594,0.8999999761581421,0.0,0.0,2020-08-16
2020-08-17 07:00:00+00:00,25.934999465942383,29.308507919311523,1.7999999523162842,0.0,0.0,2020-08-17
2020-08-18 07:00:00+00:00,26.03499984741211,24.6934814453125,0.4000000059604645,0.0,0.0,2020-08-18
2020-08-19 07:00:00+00:00,27.385000228881836,31.77191162109375,0.20000000298023224,0.0,0.0,2020-08-19
2020-08-20 07:00:00+00:00,26.28499984741211,27.369470596313477,1.0,0.0,0.0,2020-08-20
2020-08-21 07:00:00+00:00,26.584999084472656,28.46049690246582,0.800000011920929,0.0,0.0,2020-08-21
2020-08-22 07:00:00+00:00,26.934999465942383,31.178993225097656,0.30000001192092896,0.0,0.0,2020-08-22
2020-08-23 07:00:00+00:00,26.73499870300293,32.32992172241211,0.20000000298023224,0.0,0.0,2020-08-23
2020-08-24 07:00:00+00:00,27.28499984741211,34.802894592285156,0.20000000298023224,0.0,0.0,2020-08-24
2020-08-27 07:00:00+00:00,26.184999465942383,23.023117065429688,0.20000000298023224,0.0,0.0,2020-08-27
2020-08-28 07:00:00+00:00,26.135000228881836,27.511157989501953,1.100000023841858,0.0,0.0,2020-08-28
2020-08-29 07:00:00+00:00,26.48499870300293,28.167556762695312,1.2000000476837158,0.0,0.0,2020-08-29
2020-08-30 07:00:00+00:00,26.184999465942383,34.778682708740234,0.30000001192092896,0.0,0.0,2020-08-30
2020-08-31 07:00:00+00:00,25.934999465942383,26.486312866210938,0.4000000059604645,0.0,0.0,2020-08-31
2020-09-01 07:00:00+00:00,26.03499984741211,12.783802032470703,0.10000000149011612,0.0,0.0,2020-09-01
2020-09-07 07:00:00+00:00,26.78499984741211,9.064568519592285,0.30000001192092896,0.0,0.0,2020-09-07
2020-09-11 07:00:00+00:00,26.584999084472656,15.617528915405273,0.30000001192092896,0.0,0.0,2020-09-11
2020-09-12 07:00:00+00:00,27.03499984741211,34.171566009521484,0.10000000149011612,0.0,0.0,2020-09-12
2020-09-13 07:00:00+00:00,27.385000228881836,26.14402961730957,0.20000000298023224,0.0,0.0,2020-09-13
2020-09-14 07:00:00+00:00,26.934999465942383,15.46324634552002,0.10000000149011612,0.0,0.0,2020-09-14
2020-09-15 07:00:00+00:00,27.03499984741211,16.99260902404785,0.20000000298023224,0.0,0.0,2020-09-15
2020-09-16 07:00:00+00:00,26.53499984741211,11.269782066345215,0.10000000149011612,0.0,0.0,2020-09-16
2020-09-17 07:00:00+00:00,26.78499984741211,12.783802032470703,0.30000001192092896,0.0,0.0,2020-09-17
2020-09-20 07:00:00+00:00,27.584999084472656,11.486200332641602,0.10000000149011612,0.0,0.0,2020-09-20
2020-09-23 07:00:00+00:00,27.53499984741211,34.217044830322266,10.399999618530273,0.0,0.0,2020-09-23
2020-09-25 07:00:00+00:00,26.834999084472656,12.48115348815918,0.10000000149011612,0.0,0.0,2020-09-25
2020-09-27 07:00:00+00:00,25.98499870300293,11.200571060180664,0.10000000149011612,0.0,0.0,2020-09-27
2020-10-04 07:00:00+00:00,26.434999465942383,16.583459854125977,0.5,0.0,0.0,2020-10-04
2020-10-16 07:00:00+00:00,29.23499870300293,31.796375274658203,0.10000000149011612,0.0,0.0,2020-10-16
2020-12-11 07:00:00+00:00,24.78499984741211,12.245293617248535,0.6000000238418579,0.0,0.0,2020-12-11
2020-12-14 07:00:00+00:00,24.03499984741211,13.513193130493164,0.8999999761581421,0.0,0.0,2020-12-14
2021-05-17 07:00:00+00:00,27.635000228881836,84.97601318359375,6.699999809265137,0.0,0.0,2021-05-17
2021-05-18 07:00:00+00:00,28.084999084472656,48.176822662353516,0.5,0.0,0.0,2021-05-18
2021-05-19 07:00:00+00:00,27.934999465942383,29.827903747558594,0.8999999761581421,0.0,0.0,2021-05-19
2021-05-31 07:00:00+00:00,28.28499984741211,20.466245651245117,0.4000000059604645,0.0,0.0,2021-05-31
2021-06-01 07:00:00+00:00,28.684999465942383,26.111791610717773,0.4000000059604645,0.0,0.0,2021-06-01
2021-06-02 07:00:00+00:00,27.48499870300293,14.618837356567383,0.699999988079071,0.0,0.0,2021-06-02
2021-06-05 07:00:00+00:00,27.53499984741211,9.064568519592285,0.10000000149011612,0.0,0.0,2021-06-05
2021-06-07 07:00:00+00:00,27.48499870300293,18.05750846862793,0.30000001192092896,0.0,0.0,2021-06-07
2021-06-08 07:00:00+00:00,26.934999465942383,16.299694061279297,0.5,0.0,0.0,2021-06-08
2021-06-09 07:00:00+00:00,27.78499984741211,23.02311897277832,0.30000001192092896,0.0,0.0,2021-06-09
2021-06-10 07:00:00+00:00,26.98499870300293,23.09056854248047,0.8999999761581421,0.0,0.0,2021-06-10
2021-06-11 07:00:00+00:00,27.135000228881836,26.980792999267578,1.7000000476837158,0.0,0.0,2021-06-11
2021-06-12 07:00:00+00:00,27.385000228881836,18.723459243774414,0.10000000149011612,0.0,0.0,2021-06-12
2021-06-13 07:00:00+00:00,27.934999465942383,21.794126510620117,0.20000000298023224,0.0,0.0,2021-06-13
2021-06-14 07:00:00+00:00,27.584999084472656,17.208602905273438,0.10000000149011612,0.0,0.0,2021-06-14
2021-06-15 07:00:00+00:00,26.53499984741211,25.460935592651367,0.4000000059604645,0.0,0.0,2021-06-15
2021-06-16 07:00:00+00:00,27.684999465942383,31.559085845947266,1.2999999523162842,0.0,0.0,2021-06-16
2021-06-17 07:00:00+00:00,26.934999465942383,33.534149169921875,0.4000000059604645,0.0,0.0,2021-06-17
2021-06-18 07:00:00+00:00,26.53499984741211,32.58745574951172,0.30000001192092896,0.0,0.0,2021-06-18
2021-06-19 07:00:00+00:00,25.885000228881836,31.569351196289062,0.699999988079071,0.0,0.0,2021-06-19
2021-06-20 07:00:00+00:00,27.385000228881836,29.257614135742188,0.5,0.0,0.0,2021-06-20
2021-06-21 07:00:00+00:00,27.684999465942383,19.995397567749023,0.10000000149011612,0.0,0.0,2021-06-21
2021-06-22 07:00:00+00:00,27.48499870300293,16.263872146606445,0.10000000149011612,0.0,0.0,2021-06-22
2021-06-23 07:00:00+00:00,27.084999084472656,15.192682266235352,0.10000000149011612,0.0,0.0,2021-06-23
2021-06-24 07:00:00+00:00,26.135000228881836,25.364036560058594,0.5,0.0,0.0,2021-06-24
2021-06-25 07:00:00+00:00,26.48499870300293,20.17606544494629,1.7999999523162842,0.0,0.0,2021-06-25
2021-06-26 07:00:00+00:00,27.53499984741211,21.791152954101562,0.10000000149011612,0.0,0.0,2021-06-26
2021-06-27 07:00:00+00:00,27.135000228881836,14.336860656738281,0.10000000149011612,0.0,0.0,2021-06-27
2021-06-28 07:00:00+00:00,26.03499984741211,1.4843180179595947,0.30000001192092896,0.0,0.0,2021-06-28
2021-06-30 07:00:00+00:00,27.53499984741211,16.793140411376953,0.10000000149011612,0.0,0.0,2021-06-30
2021-07-01 07:00:00+00:00,28.684999465942383,26.459388732910156,0.10000000149011612,0.0,0.0,2021-07-01
2021-07-02 07:00:00+00:00,28.48499870300293,25.305208206176758,0.10000000149011612,0.0,0.0,2021-07-02
2021-07-03 07:00:00+00:00,28.28499984741211,18.07902717590332,0.10000000149011612,0.0,0.0,2021-07-03
2021-07-04 07:00:00+00:00,27.135000228881836,11.165804862976074,0.20000000298023224,0.0,0.0,2021-07-04
2021-07-05 07:00:00+00:00,27.084999084472656,8.496304512023926,0.10000000149011612,0.0,0.0,2021-07-05
2021-07-07 07:00:00+00:00,27.934999465942383,15.315873146057129,0.10000000149011612,0.0,0.0,2021-07-07
2021-07-08 07:00:00+00:00,27.184999465942383,13.450708389282227,0.4000000059604645,0.0,0.0,2021-07-08
2021-07-09 07:00:00+00:00,27.48499870300293,17.294992446899414,0.4000000059604645,0.0,0.0,2021-07-09
2021-07-10 07:00:00+00:00,27.03499984741211,21.84164810180664,7.699999809265137,0.0,0.0,2021-07-10
2021-07-11 07:00:00+00:00,26.934999465942383,13.55150032043457,0.30000001192092896,0.0,0.0,2021-07-11
2021-07-12 07:00:00+00:00,27.434999465942383,29.784425735473633,0.20000000298023224,0.0,0.0,2021-07-12
2021-07-13 07:00:00+00:00,26.834999084472656,29.01742935180664,1.2999999523162842,0.0,0.0,2021-07-13
2021-07-14 07:00:00+00:00,27.03499984741211,31.353084564208984,1.100000023841858,0.0,0.0,2021-07-14
2021-07-15 07:00:00+00:00,26.834999084472656,20.326454162597656,2.0999999046325684,0.0,0.0,2021-07-15
2021-07-16 07:00:00+00:00,27.48499870300293,42.0568733215332,1.600000023841858,0.0,0.0,2021-07-16
2021-07-17 07:00:00+00:00,27.28499984741211,27.15316390991211,1.399999976158142,0.0,0.0,2021-07-17
2021-07-18 07:00:00+00:00,26.684999465942383,23.93390655517578,1.5,0.0,0.0,2021-07-18
2021-07-19 07:00:00+00:00,26.684999465942383,30.659236907958984,2.700000047683716,0.0,0.0,2021-07-19
2021-07-20 07:00:00+00:00,26.78499984741211,28.202041625976562,1.7999999523162842,0.0,0.0,2021-07-20
2021-07-21 07:00:00+00:00,27.23499870300293,37.017032623291016,1.5,0.0,0.0,2021-07-21
2021-07-22 07:00:00+00:00,27.03499984741211,38.83330535888672,1.5,0.0,0.0,2021-07-22
2021-07-23 07:00:00+00:00,26.584999084472656,32.569557189941406,0.800000011920929,0.0,0.0,2021-07-23
2021-07-24 07:00:00+00:00,27.03499984741211,25.364036560058594,0.20000000298023224,0.0,0.0,2021-07-24
2021-07-25 07:00:00+00:00,27.385000228881836,29.337238311767578,0.4000000059604645,0.0,0.0,2021-07-25
2021-07-26 07:00:00+00:00,27.684999465942383,36.238609313964844,0.10000000149011612,0.0,0.0,2021-07-26
2021-07-27 07:00:00+00:00,27.334999084472656,33.51095199584961,0.20000000298023224,0.0,0.0,2021-07-27
2021-07-28 07:00:00+00:00,27.084999084472656,34.9922981262207,0.5,0.0,0.0,2021-07-28
2021-07-29 07:00:00+00:00,27.184999465942383,37.92322540283203,0.30000001192092896,0.0,0.0,2021-07-29
2021-07-31 07:00:00+00:00,27.584999084472656,37.68840408325195,0.10000000149011612,0.0,0.0,2021-07-31
2021-08-01 07:00:00+00:00,27.23499870300293,36.224300384521484,0.10000000149011612,0.0,0.0,2021-08-01
2021-08-02 07:00:00+00:00,26.584999084472656,31.006011962890625,0.10000000149011612,0.0,0.0,2021-08-02
2021-08-03 07:00:00+00:00,26.434999465942383,27.5958251953125,0.4000000059604645,0.0,0.0,2021-08-03
2021-08-04 07:00:00+00:00,26.834999084472656,29.64485740661621,0.20000000298023224,0.0,0.0,2021-08-04
2021-08-05 07:00:00+00:00,26.98499870300293,27.047956466674805,0.10000000149011612,0.0,0.0,2021-08-05
2021-08-07 07:00:00+00:00,26.48499870300293,17.11420440673828,0.10000000149011612,0.0,0.0,2021-08-07
2021-08-08 07:00:00+00:00,25.885000228881836,15.408671379089355,0.10000000149011612,0.0,0.0,2021-08-08
2021-08-09 07:00:00+00:00,26.635000228881836,16.489416122436523,0.10000000149011612,0.0,0.0,2021-08-09
2021-08-10 07:00:00+00:00,26.135000228881836,20.377399444580078,0.5,0.0,0.0,2021-08-10
2021-08-11 07:00:00+00:00,26.48499870300293,18.709611892700195,0.10000000149011612,0.0,0.0,2021-08-11
2021-08-12 07:00:00+00:00,26.48499870300293,20.163211822509766,0.20000000298023224,0.0,0.0,2021-08-12
2021-08-13 07:00:00+00:00,26.78499984741211,21.479665756225586,0.10000000149011612,0.0,0.0,2021-08-13
2021-08-14 07:00:00+00:00,25.684999465942383,23.34454917907715,0.6000000238418579,0.0,0.0,2021-08-14
2021-08-15 07:00:00+00:00,25.78499984741211,18.847640991210938,0.30000001192092896,0.0,0.0,2021-08-15
2021-08-16 07:00:00+00:00,26.135000228881836,13.84947681427002,0.10000000149011612,0.0,0.0,2021-08-16
2021-08-17 07:00:00+00:00,26.084999084472656,10.239453315734863,0.20000000298023224,0.0,0.0,2021-08-17
2021-08-18 07:00:00+00:00,25.934999465942383,17.163354873657227,1.0,0.0,0.0,2021-08-18
2021-08-19 07:00:00+00:00,25.885000228881836,20.188907623291016,2.299999952316284,0.0,0.0,2021-08-19
2021-08-20 07:00:00+00:00,26.135000228881836,12.144330978393555,0.10000000149011612,0.0,0.0,2021-08-20
2021-08-21 07:00:00+00:00,26.084999084472656,26.474077224731445,4.599999904632568,0.0,0.0,2021-08-21
2021-08-22 07:00:00+00:00,25.98499870300293,14.29159164428711,0.10000000149011612,0.0,0.0,2021-08-22
2021-08-25 07:00:00+00:00,26.334999084472656,19.191747665405273,0.10000000149011612,0.0,0.0,2021-08-25
2021-08-26 07:00:00+00:00,26.23499870300293,16.41852569580078,0.30000001192092896,0.0,0.0,2021-08-26
2021-08-27 07:00:00+00:00,26.23499870300293,11.72075080871582,0.10000000149011612,0.0,0.0,2021-08-27
2021-08-28 07:00:00+00:00,26.23499870300293,15.34968376159668,0.10000000149011612,0.0,0.0,2021-08-28
2021-08-30 07:00:00+00:00,26.53499984741211,17.068706512451172,0.10000000149011612,0.0,0.0,2021-08-30
2021-08-31 07:00:00+00:00,26.385000228881836,23.84711456298828,6.400000095367432,0.0,0.0,2021-08-31
2021-09-01 07:00:00+00:00,26.434999465942383,25.952478408813477,0.4000000059604645,0.0,0.0,2021-09-01
2021-09-02 07:00:00+00:00,26.834999084472656,26.302181243896484,0.20000000298023224,0.0,0.0,2021-09-02
2021-09-03 07:00:00+00:00,25.834999084472656,25.284713745117188,0.699999988079071,0.0,0.0,2021-09-03
2021-09-04 07:00:00+00:00,26.434999465942383,18.118410110473633,0.5,0.0,0.0,2021-09-04
2021-09-05 07:00:00+00:00,26.03499984741211,12.646200180053711,0.5,0.0,0.0,2021-09-05
2021-09-06 07:00:00+00:00,26.584999084472656,17.55161476135254,0.20000000298023224,0.0,0.0,2021-09-06
2021-09-07 07:00:00+00:00,25.934999465942383,12.574259757995605,3.5999999046325684,0.0,0.0,2021-09-07
2021-09-08 07:00:00+00:00,26.834999084472656,43.06779479980469,1.2000000476837158,0.0,0.0,2021-09-08
2021-09-09 07:00:00+00:00,27.23499870300293,39.44424057006836,0.20000000298023224,0.0,0.0,2021-09-09
2021-09-10 07:00:00+00:00,26.834999084472656,31.336545944213867,0.30000001192092896,0.0,0.0,2021-09-10
2021-09-11 07:00:00+00:00,26.53499984741211,33.971866607666016,2.5999999046325684,0.0,0.0,2021-09-11
2021-09-12 07:00:00+00:00,26.584999084472656,27.009597778320312,0.5,0.0,0.0,2021-09-12
2021-09-13 07:00:00+00:00,27.084999084472656,33.841915130615234,1.2999999523162842,0.0,0.0,2021-09-13
2021-09-14 07:00:00+00:00,27.28499984741211,28.696311950683594,0.10000000149011612,0.0,0.0,2021-09-14
2021-09-15 07:00:00+00:00,26.584999084472656,29.853965759277344,0.20000000298023224,0.0,0.0,2021-09-15
2021-09-16 07:00:00+00:00,27.584999084472656,29.237674713134766,0.10000000149011612,0.0,0.0,2021-09-16
2021-09-18 07:00:00+00:00,25.98499870300293,21.203357696533203,0.30000001192092896,0.0,0.0,2021-09-18
2021-09-19 07:00:00+00:00,25.78499984741211,20.630229949951172,0.6000000238418579,0.0,0.0,2021-09-19
2021-09-20 07:00:00+00:00,26.184999465942383,15.978484153747559,0.4000000059604645,0.0,0.0,2021-09-20
2021-09-21 07:00:00+00:00,25.98499870300293,17.819089889526367,0.8999999761581421,0.0,0.0,2021-09-21
2021-09-22 07:00:00+00:00,26.03499984741211,20.774213790893555,0.699999988079071,0.0,0.0,2021-09-22
2021-09-23 07:00:00+00:00,26.28499984741211,14.825706481933594,0.4000000059604645,0.0,0.0,2021-09-23
2021-09-26 07:00:00+00:00,26.584999084472656,10.002559661865234,0.10000000149011612,0.0,0.0,2021-09-26
2021-09-27 07:00:00+00:00,26.184999465942383,12.0693998336792,0.800000011920929,0.0,0.0,2021-09-27
2021-09-28 07:00:00+00:00,26.184999465942383,16.70415496826172,0.8999999761581421,0.0,0.0,2021-09-28
2021-09-29 07:00:00+00:00,27.084999084472656,30.472675323486328,1.600000023841858,0.0,0.0,2021-09-29
2021-09-30 07:00:00+00:00,26.684999465942383,30.599998474121094,0.10000000149011612,0.0,0.0,2021-09-30
2021-10-02 07:00:00+00:00,27.584999084472656,10.948972702026367,0.4000000059604645,0.0,0.0,2021-10-02
2021-12-01 07:00:00+00:00,24.135000228881836,13.684735298156738,1.100000023841858,0.0,0.0,2021-12-01
2021-12-02 07:00:00+00:00,24.23499870300293,18.37411117553711,3.799999952316284,0.0,0.0,2021-12-02
2022-01-08 07:00:00+00:00,22.334999084472656,2.9024126529693604,1.399999976158142,0.0,0.0,2022-01-08
2022-06-11 07:00:00+00:00,27.635000228881836,30.27426528930664,0.30000001192092896,0.0,0.0,2022-06-11
2022-06-12 07:00:00+00:00,27.03499984741211,26.341571807861328,0.4000000059604645,0.0,0.0,2022-06-12
2022-06-15 07:00:00+00:00,28.184999465942383,20.658479690551758,0.6000000238418579,0.0,0.0,2022-06-15
2022-06-19 07:00:00+00:00,27.334999084472656,29.827903747558594,0.10000000149011612,0.0,0.0,2022-06-19
2022-06-20 07:00:00+00:00,26.98499870300293,24.967496871948242,1.7000000476837158,0.0,0.0,2022-06-20
2022-06-21 07:00:00+00:00,26.834999084472656,24.640941619873047,0.5,0.0,0.0,2022-06-21
2022-06-23 07:00:00+00:00,26.48499870300293,13.044723510742188,1.7000000476837158,0.0,0.0,2022-06-23
2022-06-24 07:00:00+00:00,28.334999084472656,24.575109481811523,0.10000000149011612,0.0,0.0,2022-06-24
2022-06-25 07:00:00+00:00,27.584999084472656,24.79822540283203,0.20000000298023224,0.0,0.0,2022-06-25
2022-06-26 07:00:00+00:00,27.135000228881836,37.48324203491211,0.30000001192092896,0.0,0.0,2022-06-26
2022-06-27 07:00:00+00:00,27.135000228881836,30.54701042175293,1.7999999523162842,0.0,0.0,2022-06-27
2022-06-28 07:00:00+00:00,26.934999465942383,25.537172317504883,0.10000000149011612,0.0,0.0,2022-06-28
2022-06-30 07:00:00+00:00,26.584999084472656,28.394392013549805,0.4000000059604645,0.0,0.0,2022-06-30
2022-07-01 07:00:00+00:00,26.434999465942383,25.488914489746094,5.0,0.0,0.0,2022-07-01
2022-07-02 07:00:00+00:00,27.48499870300293,17.713315963745117,0.6000000238418579,0.0,0.0,2022-07-02
2022-07-03 07:00:00+00:00,27.684999465942383,22.87062644958496,0.699999988079071,0.0,0.0,2022-07-03
2022-07-04 07:00:00+00:00,26.28499984741211,27.002399444580078,0.699999988079071,0.0,0.0,2022-07-04
2022-07-05 07:00:00+00:00,26.934999465942383,25.952478408813477,2.799999952316284,0.0,0.0,2022-07-05
2022-07-06 07:00:00+00:00,26.53499984741211,24.863466262817383,0.8999999761581421,0.0,0.0,2022-07-06
2022-07-07 07:00:00+00:00,27.03499984741211,28.85619354248047,1.5,0.0,0.0,2022-07-07
2022-07-09 07:00:00+00:00,27.684999465942383,28.62396240234375,1.0,0.0,0.0,2022-07-09
2022-07-10 07:00:00+00:00,25.73499870300293,23.313995361328125,3.0999999046325684,0.0,0.0,2022-07-10
2022-07-11 07:00:00+00:00,25.48499870300293,35.46319580078125,3.0,0.0,0.0,2022-07-11
2022-07-12 07:00:00+00:00,25.48499870300293,27.897096633911133,3.5999999046325684,0.0,0.0,2022-07-12
2022-07-13 07:00:00+00:00,26.635000228881836,44.75163650512695,4.099999904632568,0.0,0.0,2022-07-13
2022-07-14 07:00:00+00:00,26.684999465942383,40.32160568237305,4.800000190734863,0.0,0.0,2022-07-14
2022-07-15 07:00:00+00:00,27.385000228881836,41.439109802246094,0.10000000149011612,0.0,0.0,2022-07-15
2022-07-16 07:00:00+00:00,26.53499984741211,45.9222297668457,1.7999999523162842,0.0,0.0,2022-07-16
2022-07-17 07:00:00+00:00,26.934999465942383,29.204408645629883,0.4000000059604645,0.0,0.0,2022-07-17
2022-07-18 07:00:00+00:00,25.834999084472656,18.556594848632812,2.4000000953674316,0.0,0.0,2022-07-18
2022-07-19 07:00:00+00:00,25.53499984741211,18.709611892700195,0.699999988079071,0.0,0.0,2022-07-19
2022-07-20 07:00:00+00:00,25.885000228881836,23.93390655517578,1.7999999523162842,0.0,0.0,2022-07-20
2022-07-21 07:00:00+00:00,26.334999084472656,14.843179702758789,0.30000001192092896,0.0,0.0,2022-07-21
2022-07-23 07:00:00+00:00,25.98499870300293,20.88310432434082,0.800000011920929,0.0,0.0,2022-07-23
2022-07-24 07:00:00+00:00,25.98499870300293,23.110204696655273,0.800000011920929,0.0,0.0,2022-07-24
2022-07-25 07:00:00+00:00,27.334999084472656,23.233251571655273,0.4000000059604645,0.0,0.0,2022-07-25
2022-07-26 07:00:00+00:00,26.334999084472656,17.49614906311035,0.20000000298023224,0.0,0.0,2022-07-26
2022-08-04 07:00:00+00:00,26.48499870300293,8.70723819732666,0.5,0.0,0.0,2022-08-04
2022-08-05 07:00:00+00:00,26.184999465942383,12.181625366210938,2.0,0.0,0.0,2022-08-05
2022-08-06 07:00:00+00:00,25.78499984741211,13.896186828613281,0.20000000298023224,0.0,0.0,2022-08-06
2022-08-07 07:00:00+00:00,26.334999084472656,12.661563873291016,0.4000000059604645,0.0,0.0,2022-08-07
2022-08-08 07:00:00+00:00,26.635000228881836,5.351784706115723,7.5,0.0,0.0,2022-08-08
2022-08-09 07:00:00+00:00,27.084999084472656,44.00990676879883,2.4000000953674316,0.0,0.0,2022-08-09
2022-08-10 07:00:00+00:00,27.23499870300293,47.24785614013672,0.699999988079071,0.0,0.0,2022-08-10
2022-08-11 07:00:00+00:00,27.334999084472656,48.36610412597656,0.5,0.0,0.0,2022-08-11
2022-08-12 07:00:00+00:00,26.434999465942383,41.50005340576172,0.4000000059604645,0.0,0.0,2022-08-12
2022-08-13 07:00:00+00:00,27.385000228881836,39.452449798583984,0.10000000149011612,0.0,0.0,2022-08-13
2022-08-14 07:00:00+00:00,27.53499984741211,38.15660095214844,0.20000000298023224,0.0,0.0,2022-08-14
2022-08-15 07:00:00+00:00,26.885000228881836,34.32293701171875,1.0,0.0,0.0,2022-08-15
2022-08-16 07:00:00+00:00,26.28499984741211,44.930824279785156,3.0,0.0,0.0,2022-08-16
2022-08-17 07:00:00+00:00,26.834999084472656,39.45737838745117,0.20000000298023224,0.0,0.0,2022-08-17
2022-08-18 07:00:00+00:00,27.084999084472656,34.74699401855469,0.5,0.0,0.0,2022-08-18
2022-08-19 07:00:00+00:00,26.584999084472656,30.190671920776367,0.4000000059604645,0.0,0.0,2022-08-19
2022-08-20 07:00:00+00:00,26.584999084472656,25.40743064880371,0.10000000149011612,0.0,0.0,2022-08-20
2022-08-21 07:00:00+00:00,26.885000228881836,26.758922576904297,0.10000000149011612,0.0,0.0,2022-08-21
2022-08-22 07:00:00+00:00,26.084999084472656,33.16887664794922,0.699999988079071,0.0,0.0,2022-08-22
2022-08-23 07:00:00+00:00,27.084999084472656,33.82659149169922,0.10000000149011612,0.0,0.0,2022-08-23
2022-08-24 07:00:00+00:00,26.584999084472656,30.2956600189209,0.20000000298023224,0.0,0.0,2022-08-24
2022-08-25 07:00:00+00:00,25.934999465942383,20.07302474975586,0.20000000298023224,0.0,0.0,2022-08-25
2022-09-04 07:00:00+00:00,27.184999465942383,11.983187675476074,0.20000000298023224,0.0,0.0,2022-09-04
2022-09-05 07:00:00+00:00,27.885000228881836,16.17998695373535,0.10000000149011612,0.0,0.0,2022-09-05
2022-09-13 07:00:00+00:00,26.834999084472656,30.302078247070312,2.5999999046325684,0.0,0.0,2022-09-13
2022-09-14 07:00:00+00:00,27.184999465942383,36.65994644165039,1.100000023841858,0.0,0.0,2022-09-14
2022-09-15 07:00:00+00:00,26.934999465942383,41.18500518798828,0.20000000298023224,0.0,0.0,2022-09-15
2022-09-16 07:00:00+00:00,26.48499870300293,30.754199981689453,2.799999952316284,0.0,0.0,2022-09-16
2022-09-17 07:00:00+00:00,26.184999465942383,25.476198196411133,0.30000001192092896,0.0,0.0,2022-09-17
2022-09-18 07:00:00+00:00,25.78499984741211,16.595178604125977,0.800000011920929,0.0,0.0,2022-09-18
2022-09-20 07:00:00+00:00,25.934999465942383,11.440978050231934,0.4000000059604645,0.0,0.0,2022-09-20
2022-09-21 07:00:00+00:00,25.684999465942383,10.182336807250977,0.4000000059604645,0.0,0.0,2022-09-21
2022-09-22 07:00:00+00:00,25.584999084472656,16.485485076904297,0.6000000238418579,0.0,0.0,2022-09-22
2022-10-06 07:00:00+00:00,28.385000228881836,24.850431442260742,0.20000000298023224,0.0,0.0,2022-10-06
2022-10-08 07:00:00+00:00,26.73499870300293,18.79254913330078,0.30000001192092896,0.0,0.0,2022-10-08
2023-06-12 07:00:00+00:00,27.28499984741211,48.38619613647461,0.20000000298023224,0.0,0.0,2023-06-12
2023-06-13 07:00:00+00:00,28.885000228881836,45.17390060424805,1.0,0.0,0.0,2023-06-13
2023-06-16 07:00:00+00:00,29.23499870300293,44.64580535888672,0.10000000149011612,0.0,0.0,2023-06-16
2023-06-18 07:00:00+00:00,29.03499984741211,27.086261749267578,0.5,0.0,0.0,2023-06-18
2023-06-24 07:00:00+00:00,26.934999465942383,17.414474487304688,0.10000000149011612,0.0,0.0,2023-06-24
2023-06-25 07:00:00+00:00,27.184999465942383,17.566377639770508,1.600000023841858,0.0,0.0,2023-06-25
2023-06-26 07:00:00+00:00,26.23499870300293,20.96671485900879,1.0,0.0,0.0,2023-06-26
2023-06-27 07:00:00+00:00,26.48499870300293,24.31266212463379,0.6000000238418579,0.0,0.0,2023-06-27
2023-06-28 07:00:00+00:00,27.23499870300293,22.17144012451172,0.30000001192092896,0.0,0.0,2023-06-28
2023-06-29 07:00:00+00:00,27.084999084472656,25.759504318237305,2.0999999046325684,0.0,0.0,2023-06-29
2023-06-30 07:00:00+00:00,27.28499984741211,35.281837463378906,1.5,0.0,0.0,2023-06-30
2023-07-01 07:00:00+00:00,26.934999465942383,29.655786514282227,0.4000000059604645,0.0,0.0,2023-07-01
2023-07-02 07:00:00+00:00,27.23499870300293,26.7274227142334,1.5,0.0,0.0,2023-07-02
2023-07-04 07:00:00+00:00,27.084999084472656,11.304228782653809,0.4000000059604645,0.0,0.0,2023-07-04
2023-07-05 07:00:00+00:00,27.135000228881836,19.052810668945312,0.699999988079071,0.0,0.0,2023-07-05
2023-07-06 07:00:00+00:00,26.98499870300293,29.882165908813477,6.400000095367432,0.0,0.0,2023-07-06
2023-07-07 07:00:00+00:00,27.584999084472656,31.122827529907227,0.800000011920929,0.0,0.0,2023-07-07
2023-07-09 07:00:00+00:00,27.48499870300293,30.007678985595703,0.800000011920929,0.0,0.0,2023-07-09
2023-07-10 07:00:00+00:00,27.885000228881836,24.479999542236328,0.5,0.0,0.0,2023-07-10
2023-07-12 07:00:00+00:00,26.584999084472656,8.21715259552002,0.20000000298023224,0.0,0.0,2023-07-12
2023-07-13 07:00:00+00:00,26.635000228881836,19.694992065429688,0.20000000298023224,0.0,0.0,2023-07-13
2023-07-14 07:00:00+00:00,26.184999465942383,25.277023315429688,5.599999904632568,0.0,0.0,2023-07-14
2023-07-15 07:00:00+00:00,26.684999465942383,17.67302894592285,0.5,0.0,0.0,2023-07-15
2023-07-16 07:00:00+00:00,26.385000228881836,14.88241958618164,0.30000001192092896,0.0,0.0,2023-07-16
2023-07-17 07:00:00+00:00,26.385000228881836,25.11758041381836,3.5999999046325684,0.0,0.0,2023-07-17
2023-07-18 07:00:00+00:00,26.98499870300293,35.291019439697266,2.4000000953674316,0.0,0.0,2023-07-18
2023-07-19 07:00:00+00:00,27.03499984741211,32.0238151550293,1.2999999523162842,0.0,0.0,2023-07-19
2023-07-20 07:00:00+00:00,26.885000228881836,30.926488876342773,1.2999999523162842,0.0,0.0,2023-07-20
2023-07-21 07:00:00+00:00,26.885000228881836,29.443069458007812,4.0,0.0,0.0,2023-07-21
2023-07-22 07:00:00+00:00,26.73499870300293,30.54701042175293,4.0,0.0,0.0,2023-07-22
2023-07-23 07:00:00+00:00,27.334999084472656,36.70234680175781,0.4000000059604645,0.0,0.0,2023-07-23
2023-07-24 07:00:00+00:00,27.084999084472656,35.03116226196289,0.800000011920929,0.0,0.0,2023-07-24
2023-07-25 07:00:00+00:00,26.334999084472656,28.483259201049805,2.700000047683716,0.0,0.0,2023-07-25
2023-07-26 07:00:00+00:00,26.385000228881836,35.30937576293945,7.099999904632568,0.0,0.0,2023-07-26
2023-07-27 07:00:00+00:00,26.885000228881836,31.780067443847656,1.0,0.0,0.0,2023-07-27
2023-07-28 07:00:00+00:00,25.934999465942383,32.77779769897461,5.0,0.0,0.0,2023-07-28
2023-07-29 07:00:00+00:00,27.53499984741211,29.51999855041504,0.20000000298023224,0.0,0.0,2023-07-29
2023-07-30 07:00:00+00:00,27.73499870300293,31.896080017089844,0.10000000149011612,0.0,0.0,2023-07-30
2023-07-31 07:00:00+00:00,27.03499984741211,26.459388732910156,1.2999999523162842,0.0,0.0,2023-07-31
2023-08-01 07:00:00+00:00,27.684999465942383,30.282827377319336,0.10000000149011612,0.0,0.0,2023-08-01
2023-08-02 07:00:00+00:00,27.834999084472656,31.19353485107422,0.10000000149011612,0.0,0.0,2023-08-02
2023-08-03 07:00:00+00:00,27.684999465942383,32.1107063293457,0.20000000298023224,0.0,0.0,2023-08-03
2023-08-04 07:00:00+00:00,27.834999084472656,32.90998840332031,0.10000000149011612,0.0,0.0,2023-08-04
2023-08-06 07:00:00+00:00,27.53499984741211,28.24107551574707,0.10000000149011612,0.0,0.0,2023-08-06
2023-08-09 07:00:00+00:00,27.53499984741211,24.884305953979492,0.6000000238418579,0.0,0.0,2023-08-09
2023-08-10 07:00:00+00:00,25.98499870300293,11.631956100463867,0.10000000149011612,0.0,0.0,2023-08-10
2023-08-11 07:00:00+00:00,27.28499984741211,15.856355667114258,0.20000000298023224,0.0,0.0,2023-08-11
2023-08-12 07:00:00+00:00,25.334999084472656,20.83339500427246,0.30000001192092896,0.0,0.0,2023-08-12
2023-08-13 07:00:00+00:00,27.584999084472656,26.632699966430664,0.10000000149011612,0.0,0.0,2023-08-13
2023-08-15 07:00:00+00:00,26.684999465942383,20.658479690551758,0.30000001192092896,0.0,0.0,2023-08-15
2023-08-16 07:00:00+00:00,27.53499984741211,18.775300979614258,0.30000001192092896,0.0,0.0,2023-08-16
2023-08-19 07:00:00+00:00,27.48499870300293,25.27702522277832,0.10000000149011612,0.0,0.0,2023-08-19
2023-08-20 07:00:00+00:00,26.084999084472656,6.877789497375488,0.30000001192092896,0.0,0.0,2023-08-20
2023-08-21 07:00:00+00:00,26.53499984741211,16.70415496826172,0.10000000149011612,0.0,0.0,2023-08-21
2023-08-22 07:00:00+00:00,26.385000228881836,16.19999885559082,0.10000000149011612,0.0,0.0,2023-08-22
2023-08-24 07:00:00+00:00,26.584999084472656,20.497882843017578,0.5,0.0,0.0,2023-08-24
2023-08-25 07:00:00+00:00,26.78499984741211,25.476198196411133,0.10000000149011612,0.0,0.0,2023-08-25
2023-08-26 07:00:00+00:00,26.98499870300293,19.08339500427246,0.6000000238418579,0.0,0.0,2023-08-26
2023-08-27 07:00:00+00:00,25.98499870300293,13.004921913146973,0.20000000298023224,0.0,0.0,2023-08-27
2023-08-28 07:00:00+00:00,25.635000228881836,21.88906478881836,0.10000000149011612,0.0,0.0,2023-08-28
2023-08-29 07:00:00+00:00,25.98499870300293,3.7585103511810303,0.10000000149011612,0.0,0.0,2023-08-29
2023-09-02 07:00:00+00:00,26.48499870300293,3.396233081817627,0.10000000149011612,0.0,0.0,2023-09-02
2023-09-07 07:00:00+00:00,27.23499870300293,24.696102142333984,0.6000000238418579,0.0,0.0,2023-09-07
2023-09-08 07:00:00+00:00,27.28499984741211,31.25994110107422,2.0999999046325684,0.0,0.0,2023-09-08
2023-09-09 07:00:00+00:00,26.78499984741211,9.605998039245605,0.6000000238418579,0.0,0.0,2023-09-09
2023-09-10 07:00:00+00:00,27.584999084472656,18.37411117553711,0.10000000149011612,0.0,0.0,2023-09-10
2023-09-12 07:00:00+00:00,27.434999465942383,19.82943344116211,0.10000000149011612,0.0,0.0,2023-09-12
2023-09-13 07:00:00+00:00,27.184999465942383,7.172948837280273,0.4000000059604645,0.0,0.0,2023-09-13
2023-09-15 07:00:00+00:00,27.98499870300293,14.044614791870117,0.10000000149011612,0.0,0.0,2023-09-15
2023-09-18 07:00:00+00:00,26.28499984741211,30.555498123168945,1.0,0.0,0.0,2023-09-18
2023-09-19 07:00:00+00:00,27.23499870300293,22.553936004638672,0.6000000238418579,0.0,0.0,2023-09-19
2023-09-20 07:00:00+00:00,27.084999084472656,27.086261749267578,0.6000000238418579,0.0,0.0,2023-09-20
2023-09-21 07:00:00+00:00,26.584999084472656,18.21827507019043,0.10000000149011612,0.0,0.0,2023-09-21
2023-09-22 07:00:00+00:00,26.684999465942383,11.874544143676758,0.10000000149011612,0.0,0.0,2023-09-22
2023-09-23 07:00:00+00:00,26.28499984741211,23.113008499145508,4.0,0.0,0.0,2023-09-23
2023-09-27 07:00:00+00:00,25.78499984741211,12.387348175048828,4.199999809265137,0.0,0.0,2023-09-27
2023-09-29 07:00:00+00:00,28.78499984741211,15.79083251953125,0.10000000149011612,0.0,0.0,2023-09-29
2024-06-10 07:00:00+00:00,28.28499984741211,13.10419750213623,0.30000001192092896,0.0,0.0,2024-06-10
2024-06-11 07:00:00+00:00,27.98499870300293,15.226763725280762,0.10000000149011612,0.0,0.0,2024-06-11
2024-06-13 07:00:00+00:00,27.635000228881836,12.313894271850586,0.30000001192092896,0.0,0.0,2024-06-13
2024-06-14 07:00:00+00:00,27.03499984741211,13.3637113571167,0.5,0.0,0.0,2024-06-14
2024-06-15 07:00:00+00:00,27.53499984741211,23.893260955810547,0.10000000149011612,0.0,0.0,2024-06-15
2024-06-16 07:00:00+00:00,28.48499870300293,13.104198455810547,0.10000000149011612,0.0,0.0,2024-06-16
2024-06-18 07:00:00+00:00,27.23499870300293,28.296091079711914,2.5999999046325684,0.0,0.0,2024-06-18
2024-06-19 07:00:00+00:00,27.885000228881836,22.55393409729004,0.8999999761581421,0.0,0.0,2024-06-19
2024-06-20 07:00:00+00:00,26.53499984741211,19.353137969970703,2.4000000953674316,0.0,0.0,2024-06-20
2024-06-21 07:00:00+00:00,28.53499984741211,18.837322235107422,0.20000000298023224,0.0,0.0,2024-06-21
2024-06-24 07:00:00+00:00,27.03499984741211,19.995399475097656,2.0999999046325684,0.0,0.0,2024-06-24
2024-06-26 07:00:00+00:00,29.184999465942383,36.145503997802734,0.5,0.0,0.0,2024-06-26
2024-06-27 07:00:00+00:00,28.084999084472656,31.896080017089844,6.800000190734863,0.0,0.0,2024-06-27
2024-06-28 07:00:00+00:00,28.084999084472656,37.55060577392578,2.0999999046325684,0.0,0.0,2024-06-28
2024-06-29 07:00:00+00:00,28.635000228881836,34.597476959228516,0.20000000298023224,0.0,0.0,2024-06-29
2024-06-30 07:00:00+00:00,28.084999084472656,26.486312866210938,0.6000000238418579,0.0,0.0,2024-06-30
2024-07-01 07:00:00+00:00,29.73499870300293,47.86781692504883,0.30000001192092896,0.0,0.0,2024-07-01
2024-07-04 07:00:00+00:00,28.834999084472656,24.363248825073242,0.20000000298023224,0.0,0.0,2024-07-04
2024-07-05 07:00:00+00:00,27.885000228881836,25.2334041595459,0.4000000059604645,0.0,0.0,2024-07-05
2024-07-06 07:00:00+00:00,28.98499870300293,35.95136260986328,0.30000001192092896,0.0,0.0,2024-07-06
2024-07-07 07:00:00+00:00,28.635000228881836,25.729297637939453,0.10000000149011612,0.0,0.0,2024-07-07
2024-07-08 07:00:00+00:00,27.23499870300293,12.096214294433594,0.10000000149011612,0.0,0.0,2024-07-08
2024-07-09 07:00:00+00:00,26.78499984741211,20.26898956298828,12.100000381469727,0.0,0.0,2024-07-09
2024-07-11 07:00:00+00:00,27.834999084472656,24.291330337524414,0.20000000298023224,0.0,0.0,2024-07-11
2024-07-12 07:00:00+00:00,26.635000228881836,29.317352294921875,8.5,0.0,0.0,2024-07-12
2024-07-13 07:00:00+00:00,26.78499984741211,37.226505279541016,3.5999999046325684,0.0,0.0,2024-07-13
2024-07-14 07:00:00+00:00,26.184999465942383,19.245697021484375,1.7999999523162842,0.0,0.0,2024-07-14
2024-07-15 07:00:00+00:00,26.23499870300293,14.68958854675293,0.10000000149011612,0.0,0.0,2024-07-15
2024-07-17 07:00:00+00:00,27.53499984741211,31.673860549926758,2.0,0.0,0.0,2024-07-17
2024-07-18 07:00:00+00:00,26.98499870300293,32.647056579589844,1.5,0.0,0.0,2024-07-18
2024-07-19 07:00:00+00:00,27.28499984741211,36.54487228393555,0.30000001192092896,0.0,0.0,2024-07-19
2024-07-20 07:00:00+00:00,27.084999084472656,39.46394729614258,7.0,0.0,0.0,2024-07-20
2024-07-21 07:00:00+00:00,27.53499984741211,39.44424057006836,3.299999952316284,0.0,0.0,2024-07-21
2024-07-22 07:00:00+00:00,27.28499984741211,36.71999740600586,1.2999999523162842,0.0,0.0,2024-07-22
2024-07-23 07:00:00+00:00,27.135000228881836,42.19224548339844,1.399999976158142,0.0,0.0,2024-07-23
2024-07-24 07:00:00+00:00,27.135000228881836,40.998924255371094,1.2999999523162842,0.0,0.0,2024-07-24
2024-07-25 07:00:00+00:00,26.934999465942383,48.2252197265625,3.0999999046325684,0.0,0.0,2024-07-25
2024-07-26 07:00:00+00:00,27.934999465942383,27.067115783691406,0.20000000298023224,0.0,0.0,2024-07-26
2024-07-27 07:00:00+00:00,27.684999465942383,38.96656799316406,1.100000023841858,0.0,0.0,2024-07-27
2024-07-28 07:00:00+00:00,27.48499870300293,33.68069076538086,0.4000000059604645,0.0,0.0,2024-07-28
2024-07-29 07:00:00+00:00,27.084999084472656,37.30302047729492,1.600000023841858,0.0,0.0,2024-07-29
2024-07-30 07:00:00+00:00,26.834999084472656,30.97255516052246,0.8999999761581421,0.0,0.0,2024-07-30
2024-07-31 07:00:00+00:00,27.434999465942383,24.162946701049805,0.4000000059604645,0.0,0.0,2024-07-31
2024-08-01 07:00:00+00:00,27.934999465942383,28.820241928100586,0.20000000298023224,0.0,0.0,2024-08-01
2024-08-02 07:00:00+00:00,26.385000228881836,31.435646057128906,1.7000000476837158,0.0,0.0,2024-08-02
2024-08-03 07:00:00+00:00,26.73499870300293,42.73246765136719,0.699999988079071,0.0,0.0,2024-08-03
2024-08-04 07:00:00+00:00,26.834999084472656,34.89586639404297,2.200000047683716,0.0,0.0,2024-08-04
2024-08-05 07:00:00+00:00,27.385000228881836,27.103002548217773,0.10000000149011612,0.0,0.0,2024-08-05
2024-08-06 07:00:00+00:00,26.98499870300293,19.914215087890625,0.20000000298023224,0.0,0.0,2024-08-06
2024-08-08 07:00:00+00:00,27.334999084472656,18.532133102416992,0.20000000298023224,0.0,0.0,2024-08-08
2024-08-09 07:00:00+00:00,27.28499984741211,20.140705108642578,0.20000000298023224,0.0,0.0,2024-08-09
2024-08-10 07:00:00+00:00,27.084999084472656,19.296133041381836,0.10000000149011612,0.0,0.0,2024-08-10
2024-08-12 07:00:00+00:00,27.73499870300293,23.0062255859375,0.4000000059604645,0.0,0.0,2024-08-12
2024-08-18 07:00:00+00:00,27.73499870300293,16.489416122436523,0.10000000149011612,0.0,0.0,2024-08-18
2024-08-19 07:00:00+00:00,27.78499984741211,15.315873146057129,0.20000000298023224,0.0,0.0,2024-08-19
2024-08-20 07:00:00+00:00,25.834999084472656,7.412853240966797,1.0,0.0,0.0,2024-08-20
2024-08-23 07:00:00+00:00,27.334999084472656,24.49058723449707,3.0999999046325684,0.0,0.0,2024-08-23
2024-08-24 07:00:00+00:00,26.635000228881836,26.552288055419922,3.799999952316284,0.0,0.0,2024-08-24
2024-08-25 07:00:00+00:00,27.53499984741211,32.919830322265625,0.4000000059604645,0.0,0.0,2024-08-25
2024-08-26 07:00:00+00:00,26.78499984741211,36.1096305847168,2.5,0.0,0.0,2024-08-26
2024-08-27 07:00:00+00:00,27.684999465942383,38.72301483154297,0.30000001192092896,0.0,0.0,2024-08-27
2024-08-28 07:00:00+00:00,28.03499984741211,40.76274490356445,0.10000000149011612,0.0,0.0,2024-08-28
2024-08-29 07:00:00+00:00,27.885000228881836,32.11071014404297,0.20000000298023224,0.0,0.0,2024-08-29
2024-08-30 07:00:00+00:00,27.084999084472656,24.1226863861084,0.4000000059604645,0.0,0.0,2024-08-30
2024-09-01 07:00:00+00:00,26.53499984741211,14.186923027038574,0.20000000298023224,0.0,0.0,2024-09-01
2024-09-02 07:00:00+00:00,27.584999084472656,24.490585327148438,0.4000000059604645,0.0,0.0,2024-09-02
2024-09-03 07:00:00+00:00,27.084999084472656,16.099689483642578,0.4000000059604645,0.0,0.0,2024-09-03
2024-09-04 07:00:00+00:00,27.184999465942383,23.110204696655273,0.4000000059604645,0.0,0.0,2024-09-04
2024-09-05 07:00:00+00:00,27.334999084472656,24.850431442260742,0.30000001192092896,0.0,0.0,2024-09-05
2024-09-06 07:00:00+00:00,26.635000228881836,18.64369010925293,0.10000000149011612,0.0,0.0,2024-09-06
2024-09-07 07:00:00+00:00,26.28499984741211,20.991426467895508,0.5,0.0,0.0,2024-09-07
2024-09-08 07:00:00+00:00,26.98499870300293,15.13713264465332,0.10000000149011612,0.0,0.0,2024-09-08
2024-09-10 07:00:00+00:00,26.885000228881836,15.58430004119873,0.4000000059604645,0.0,0.0,2024-09-10
2024-09-11 07:00:00+00:00,26.684999465942383,19.586118698120117,0.20000000298023224,0.0,0.0,2024-09-11
2024-09-12 07:00:00+00:00,26.684999465942383,20.991426467895508,0.20000000298023224,0.0,0.0,2024-09-12
2024-09-13 07:00:00+00:00,27.28499984741211,19.376562118530273,0.30000001192092896,0.0,0.0,2024-09-13
2024-09-14 07:00:00+00:00,25.28499984741211,17.287498474121094,0.10000000149011612,0.0,0.0,2024-09-14
2024-09-15 07:00:00+00:00,25.23499870300293,15.379205703735352,0.10000000149011612,0.0,0.0,2024-09-15
2024-09-23 07:00:00+00:00,27.98499870300293,20.746122360229492,0.4000000059604645,0.0,0.0,2024-09-23
2024-09-25 07:00:00+00:00,27.385000228881836,24.756380081176758,1.2000000476837158,0.0,0.0,2024-09-25
2024-09-26 07:00:00+00:00,26.73499870300293,10.626099586486816,2.5999999046325684,0.0,0.0,2024-09-26
2024-09-27 07:00:00+00:00,27.084999084472656,38.93994903564453,0.8999999761581421,0.0,0.0,2024-09-27
2024-09-28 07:00:00+00:00,27.03499984741211,19.87839126586914,0.30000001192092896,0.0,0.0,2024-09-28
2024-09-29 07:00:00+00:00,27.635000228881836,20.36865234375,0.10000000149011612,0.0,0.0,2024-09-29
2024-10-09 07:00:00+00:00,27.184999465942383,8.551420211791992,0.30000001192092896,0.0,0.0,2024-10-09
2024-10-17 07:00:00+00:00,27.53499984741211,6.1989030838012695,0.10000000149011612,0.0,0.0,2024-10-17
2025-05-07 07:00:00+00:00,26.584999084472656,29.427661895751953,1.600000023841858,0.0,0.0,2025-05-07
2025-05-09 07:00:00+00:00,26.28499984741211,20.031822204589844,0.30000001192092896,0.0,0.0,2025-05-09
2025-05-25 07:00:00+00:00,25.434999465942383,7.787990570068359,3.299999952316284,0.0,0.0,2025-05-25
2025-05-26 07:00:00+00:00,26.385000228881836,21.277339935302734,1.7999999523162842,0.0,0.0,2025-05-26
2025-05-28 07:00:00+00:00,26.385000228881836,17.311845779418945,0.10000000149011612,0.0,0.0,2025-05-28
2025-06-01 07:00:00+00:00,27.135000228881836,31.264602661132812,0.10000000149011612,0.0,0.0,2025-06-01
2025-06-03 07:00:00+00:00,28.73499870300293,27.16568946838379,0.10000000149011612,0.0,0.0,2025-06-03
2025-06-12 07:00:00+00:00,29.98499870300293,35.428462982177734,0.10000000149011612,0.0,0.0,2025-06-12
2025-06-13 07:00:00+00:00,28.934999465942383,30.891376495361328,3.0999999046325684,0.0,0.0,2025-06-13
2025-06-15 07:00:00+00:00,27.584999084472656,14.168641090393066,0.4000000059604645,0.0,0.0,2025-06-15
2025-06-16 07:00:00+00:00,27.434999465942383,49.010597229003906,4.5,0.0,0.0,2025-06-16
2025-06-17 07:00:00+00:00,27.78499984741211,37.99833679199219,0.10000000149011612,0.0,0.0,2025-06-17
2025-06-18 07:00:00+00:00,27.53499984741211,42.50935363769531,3.299999952316284,0.0,0.0,2025-06-18
2025-06-19 07:00:00+00:00,26.334999084472656,30.60688018798828,3.5,0.0,0.0,2025-06-19
2025-06-20 07:00:00+00:00,27.184999465942383,25.777734756469727,1.0,0.0,0.0,2025-06-20
2025-06-21 07:00:00+00:00,28.584999084472656,30.02980613708496,0.20000000298023224,0.0,0.0,2025-06-21
2025-06-22 07:00:00+00:00,28.684999465942383,37.290855407714844,0.5,0.0,0.0,2025-06-22
2025-06-23 07:00:00+00:00,28.28499984741211,27.811599731445312,1.0,0.0,0.0,2025-06-23
2025-06-24 07:00:00+00:00,25.385000228881836,10.962281227111816,2.700000047683716,0.0,0.0,2025-06-24
2025-06-26 07:00:00+00:00,26.834999084472656,30.88875389099121,1.100000023841858,0.0,0.0,2025-06-26
2025-06-27 07:00:00+00:00,26.98499870300293,33.49402618408203,1.899999976158142,0.0,0.0,2025-06-27
2025-06-28 07:00:00+00:00,28.53499984741211,42.498680114746094,0.800000011920929,0.0,0.0,2025-06-28
2025-06-29 07:00:00+00:00,26.73499870300293,33.592552185058594,1.100000023841858,0.0,0.0,2025-06-29
2025-06-30 07:00:00+00:00,27.73499870300293,32.37248611450195,0.4000000059604645,0.0,0.0,2025-06-30
2025-07-01 07:00:00+00:00,28.23499870300293,33.58338928222656,0.30000001192092896,0.0,0.0,2025-07-01
2025-07-02 07:00:00+00:00,26.48499870300293,33.15617752075195,3.299999952316284,0.0,0.0,2025-07-02
2025-07-03 07:00:00+00:00,26.53499984741211,29.59125518798828,0.5,0.0,0.0,2025-07-03
2025-07-04 07:00:00+00:00,27.584999084472656,29.995800018310547,1.2999999523162842,0.0,0.0,2025-07-04
2025-07-05 07:00:00+00:00,26.434999465942383,37.754112243652344,6.699999809265137,0.0,0.0,2025-07-05
2025-07-06 07:00:00+00:00,27.885000228881836,40.42593002319336,0.4000000059604645,0.0,0.0,2025-07-06
2025-07-08 07:00:00+00:00,28.03499984741211,31.567811965942383,0.10000000149011612,0.0,0.0,2025-07-08
2025-07-09 07:00:00+00:00,26.184999465942383,22.7918643951416,0.4000000059604645,0.0,0.0,2025-07-09
2025-07-10 07:00:00+00:00,26.78499984741211,21.145977020263672,0.30000001192092896,0.0,0.0,2025-07-10
2025-07-11 07:00:00+00:00,26.184999465942383,12.425215721130371,0.800000011920929,0.0,0.0,2025-07-11
2025-07-13 07:00:00+00:00,26.635000228881836,9.335737228393555,2.5,0.0,0.0,2025-07-13
2025-07-14 07:00:00+00:00,26.78499984741211,33.6830940246582,5.199999809265137,0.0,0.0,2025-07-14
2025-07-15 07:00:00+00:00,25.635000228881836,12.204212188720703,3.200000047683716,0.0,0.0,2025-07-15
2025-07-16 07:00:00+00:00,27.885000228881836,21.97843360900879,0.10000000149011612,0.0,0.0,2025-07-16
2025-07-19 07:00:00+00:00,27.135000228881836,18.076337814331055,0.10000000149011612,0.0,0.0,2025-07-19
2025-07-20 07:00:00+00:00,27.084999084472656,22.140731811523438,1.399999976158142,0.0,0.0,2025-07-20
2025-07-21 07:00:00+00:00,26.684999465942383,17.283748626708984,0.20000000298023224,0.0,0.0,2025-07-21
2025-07-22 07:00:00+00:00,26.684999465942383,14.650938987731934,1.0,0.0,0.0,2025-07-22
2025-07-23 07:00:00+00:00,26.184999465942383,22.61418914794922,0.5,0.0,0.0,2025-07-23
2025-07-24 07:00:00+00:00,26.98499870300293,24.762269973754883,0.6000000238418579,0.0,0.0,2025-07-24
2025-07-25 07:00:00+00:00,27.084999084472656,31.727519989013672,9.300000190734863,0.0,0.0,2025-07-25
2025-07-26 07:00:00+00:00,26.434999465942383,31.705045700073242,0.6000000238418579,0.0,0.0,2025-07-26
2025-07-27 07:00:00+00:00,27.135000228881836,42.91896057128906,0.4000000059604645,0.0,0.0,2025-07-27
2025-07-28 07:00:00+00:00,27.53499984741211,40.304325103759766,0.10000000149011612,0.0,0.0,2025-07-28
2025-07-29 07:00:00+00:00,27.385000228881836,44.968666076660156,0.10000000149011612,0.0,0.0,2025-07-29
2025-07-31 07:00:00+00:00,27.184999465942383,33.62340545654297,0.20000000298023224,0.0,0.0,2025-07-31
2025-08-01 07:00:00+00:00,27.385000228881836,24.134769439697266,0.20000000298023224,0.0,0.0,2025-08-01
2025-08-02 07:00:00+00:00,26.584999084472656,19.428329467773438,0.800000011920929,0.0,0.0,2025-08-02
2025-08-03 07:00:00+00:00,26.28499984741211,8.967540740966797,0.20000000298023224,0.0,0.0,2025-08-03
2025-08-04 07:00:00+00:00,26.834999084472656,13.55150032043457,0.10000000149011612,0.0,0.0,2025-08-04
2025-08-07 07:00:00+00:00,26.635000228881836,12.53554916381836,0.20000000298023224,0.0,0.0,2025-08-07
2025-08-08 07:00:00+00:00,27.084999084472656,8.936777114868164,0.10000000149011612,0.0,0.0,2025-08-08
2025-08-09 07:00:00+00:00,26.48499870300293,8.827343940734863,0.10000000149011612,0.0,0.0,2025-08-09
2025-08-12 07:00:00+00:00,27.28499984741211,19.148649215698242,0.10000000149011612,0.0,0.0,2025-08-12
2025-08-13 07:00:00+00:00,26.73499870300293,15.46324634552002,0.4000000059604645,0.0,0.0,2025-08-13
2025-08-14 07:00:00+00:00,26.434999465942383,17.515581130981445,0.4000000059604645,0.0,0.0,2025-08-14
2025-08-15 07:00:00+00:00,26.684999465942383,21.09074592590332,0.20000000298023224,0.0,0.0,2025-08-15
2025-08-16 07:00:00+00:00,26.28499984741211,22.303298950195312,1.5,0.0,0.0,2025-08-16
2025-08-18 07:00:00+00:00,26.584999084472656,39.953514099121094,5.900000095367432,0.0,0.0,2025-08-18
2025-08-19 07:00:00+00:00,27.135000228881836,41.9647102355957,1.2999999523162842,0.0,0.0,2025-08-19
2025-08-20 07:00:00+00:00,26.73499870300293,39.91984558105469,1.7999999523162842,0.0,0.0,2025-08-20
2025-08-21 07:00:00+00:00,26.53499984741211,39.298580169677734,0.4000000059604645,0.0,0.0,2025-08-21
2025-08-22 07:00:00+00:00,27.135000228881836,33.40928268432617,0.10000000149011612,0.0,0.0,2025-08-22
2025-08-24 07:00:00+00:00,,,,,,2025-08-24
2025-08-25 07:00:00+00:00,,,,,,2025-08-25
